"GroupID","LocationID","Lockdown","ISOPleasant","ISOEventful","Human","Traffic","Natural","PA","N5","S","R","I","FS","T","LAeq","LA10_LA90","LC_LA"
"CT501","CamdenTown","1",0.150802819244699,0.220010101522477,NA,NA,NA,18.4104879180151,18.1,1.56,0.0371,0.361,0.007,0.175,59.44,12.32,9.35000000000001
"CT502","CamdenTown","1",-0.0317904904616973,0.392472755033452,NA,NA,NA,37.7216602799788,35.2,1.92,0.0387,0.339,0.00656,0.287,69.67,15.15,7.19
"CT503","CamdenTown","1",-0.0836285531412021,0.431894786913256,NA,NA,NA,40.3016083843987,37.7,1.91,0.0428,0.37,0.0139,0.181,72.93,21.23,6.31999999999999
"CT504","CamdenTown","1",0.118427578395084,0.227589924539349,NA,NA,NA,20.0477908572637,19.6,1.79,0.0318,0.462,0.0182,0.177,62.28,8.98999999999999,7.76000000000001
"CT505","CamdenTown","1",-0.00224133693431589,0.362614050333115,NA,NA,NA,37.6852196982505,35.7,1.88,0.0355,0.34,0.0114,0.267,68.39,17.59,6.55
"CT506","CamdenTown","1",0.119179483297577,0.287113111971641,NA,NA,NA,19.7701806533735,19.4,1.66,0.0345,0.334,0.0199,0.257,63.66,8.03,5.73
"CT507","CamdenTown","1",-0.0659737842722907,0.398950515227205,NA,NA,NA,47.5018327171227,41.9,2.06,0.0414,0.332,0.0111,0.226,71.87,15.08,5.61
"CT508","CamdenTown","1",0.150528847990846,0.220003428282677,NA,NA,NA,18.5376669315365,18.2,1.76,0.031,0.363,0.0201,0.33,60.5,7.81,7.89
"CT509","CamdenTown","1",0.0341303622247927,0.300756600409534,NA,NA,NA,33.0613698924487,29.2,2.08,0.0382,0.336,0.00663,0.16,67.45,11.18,5.58
"CT510","CamdenTown","1",0.0643535463722838,0.294504125493702,NA,NA,NA,23.0615815332343,22.3,1.83,0.0386,0.338,0.00553,0.167,65.12,5.84999999999999,7.81
"CT511","CamdenTown","1",0.0495024800551413,0.273375686480733,NA,NA,NA,24.7662674161383,24.4,1.71,0.0367,0.533,0.00673,0.138,63.5,11.23,11.11
"CT512","CamdenTown","1",0.0632572938397201,0.269183366733664,NA,NA,NA,24.5512124505876,24.1,1.78,0.0368,0.419,0.00532,0.0816,64.21,10.53,8.96000000000001
"CT514","CamdenTown","1",-0.0141205656067837,0.346602846068579,NA,NA,NA,30.9852982815147,30.2,1.8,0.041,0.385,0.0127,0.21,67.57,11.75,9.69000000000001
"CT515","CamdenTown","1",0.0593452472549427,0.346070023921927,NA,NA,NA,24.958678989981,24.2,1.82,0.0395,0.349,0.00717,0.349,66.14,6.88,6.48
"CT516","CamdenTown","1",-0.0562798905736511,0.411249674442102,NA,NA,NA,43.560702327361,39.3,2,0.0716,0.371,0.0104,0.263,71.66,16.07,5.58
"CT517","CamdenTown","1",0.0437178530820551,0.284264969538408,NA,NA,NA,28.5819571141569,25.9,2.01,0.0359,0.463,0.0409,0.385,66.47,10.73,6.78
"CT518","CamdenTown","1",0.040877928944067,0.30778647691162,NA,NA,NA,30.9284772390546,30.3,1.79,0.0323,0.316,0.0105,0.37,64.07,8.97000000000001,10.27
"CT519","CamdenTown","1",-0.078555806990699,0.377863615280474,NA,NA,NA,39.7778625012536,37.8,1.87,0.0413,0.434,0.00729,0.17,69.62,16.17,10.9
"CT520","CamdenTown","1",0.0304135684246855,0.312578547064632,NA,NA,NA,26.0083896882318,24.8,1.87,0.038,0.355,0.00655,0.153,66.5,9.16,8.2
"CT521","CamdenTown","1",-0.0545018882586199,0.378724554905837,NA,NA,NA,41.0967406170219,39.3,1.85,0.0528,0.409,0.00693,0.165,69.53,16.41,8.84999999999999
"CT522","CamdenTown","1",0.0404654300288607,0.286160239091976,NA,NA,NA,28.9316619008551,26.6,1.97,0.045,0.344,0.00494,0.114,66.18,8.20999999999999,7.47999999999999
"CT523","CamdenTown","1",-0.0877482066656576,0.361035424871393,NA,NA,NA,46.0689586320754,37.3,2.31,0.049,0.4,0.00919,0.312,71.03,9.74,8.94
"CT524","CamdenTown","1",0.0367209973566327,0.318161083812838,NA,NA,NA,27.6828148270262,26.9,1.8,0.0376,0.377,0.0357,0.565,64.67,6.03,10.2
"CT525","CamdenTown","1",-0.0518682203000427,0.35278364508144,NA,NA,NA,37.8506512505366,33.8,2.04,0.0392,0.35,0.00741,0.295,68.61,10.61,10.49
"CT526","CamdenTown","1",0.0256628741645197,0.303858038817827,NA,NA,NA,23.634266399007,23.2,1.74,0.04,0.435,0.0155,0.157,65.65,6.38,10.19
"CT527","CamdenTown","1",-0.127323769519181,0.472668933425943,NA,NA,NA,53.6143729260403,48.5,1.97,0.133,0.498,0.0221,0.449,73.65,15.85,7.36
"CT528","CamdenTown","1",-0.0801562922499025,0.403150395788969,NA,NA,NA,52.9718049619155,44.3,2.2,0.0471,0.317,0.00848,0.26,72.67,12.01,5
"CT529","CamdenTown","1",0.151603185238953,0.234496829387403,NA,NA,NA,15.5533303059216,15.3,1.54,0.033,0.355,0.00704,0.233,59.51,6.3,9.65
"CT530","CamdenTown","1",-0.00862557659103866,0.349891312725462,NA,NA,NA,31.6359675917563,31.1,1.77,0.0399,0.391,0.00921,0.126,67.99,10.91,8.55000000000001
"CT531","CamdenTown","1",-0.143649043617163,0.434465395207588,NA,NA,NA,50.1896213823284,44.2,2.06,0.0554,0.353,0.00793,0.316,72.64,8.45999999999999,10.77
"CT532","CamdenTown","1",0.104808956600213,0.247108097615709,NA,NA,NA,19.8316784274892,19.5,1.56,0.0342,0.509,0.0127,0.131,61.53,6.00000000000001,10.08
"CT533","CamdenTown","1",-0.0015237598597389,0.364309501446013,NA,NA,NA,32.3886182799597,31.9,1.76,0.0407,0.367,0.00662,0.104,68.64,14.68,6.84
"CT534","CamdenTown","1",0.0839234553856268,0.29390243932957,NA,NA,NA,19.7326851922857,19.4,1.76,0.0344,0.383,0.0113,0.375,63.17,7.58000000000001,9.41
"CT535","CamdenTown","1",0.00680087838363441,0.390971890214451,NA,NA,NA,35.86859647743,33.6,1.91,0.0445,0.33,0.00838,0.279,69.71,11.09,4.21000000000001
"CT536","CamdenTown","1",0.0516052550072935,0.307218430215065,NA,NA,NA,22.6470142479564,22.3,1.67,0.0357,0.347,0.00823,0.333,63.3,7.03,11.57
"CT537","CamdenTown","1",-0.0186398570966545,0.357606867946588,NA,NA,NA,32.9431071510359,30.9,1.91,0.0409,0.364,0.00507,0.186,68.64,13.76,8.22
"CT538","CamdenTown","1",-0.0242767102270409,0.422049416951178,NA,NA,NA,34.3951750207956,33.5,1.79,0.0598,0.363,0.00892,0.525,68.27,14.39,9.04000000000001
"CT539","CamdenTown","1",-0.0181157944652122,0.336919060887523,NA,NA,NA,39.3632286922439,35.9,1.98,0.0386,0.335,0.00575,0.285,67.35,11.21,9.31
"CT540","CamdenTown","1",-0.0171485635770753,0.386609595170158,NA,NA,NA,36.1695115875486,33.5,1.94,0.0476,0.332,0.00854,0.332,69.28,11.92,6.78999999999999
"CT541","CamdenTown","1",0.0284409056018924,0.302751657297609,NA,NA,NA,24.2779649012914,23.9,1.74,0.0359,0.368,0.0107,0.194,64.96,9.43000000000001,10.83
"CT542","CamdenTown","1",0.0135991167304862,0.316805659253833,NA,NA,NA,29.931732985091,27.9,1.93,0.0369,0.351,0.0142,0.248,66.86,11.83,8.54000000000001
"CT543","CamdenTown","1",-0.0201247197594759,0.361249881617846,NA,NA,NA,39.2049820094806,36.3,1.94,0.0348,0.342,0.00592,0.355,67.66,14.64,8.98
"CT544","CamdenTown","1",-0.046167448205473,0.363964410181932,NA,NA,NA,45.9416686518882,39,2.17,0.0411,0.339,0.00591,0.204,70.82,12.11,5.74000000000001
"CT545","CamdenTown","1",-0.0847847506436294,0.440652269486152,NA,NA,NA,50.6682015889163,45.6,2,0.0688,0.323,0.00985,0.255,73.14,9.18000000000001,5.04000000000001
"ET401","EustonTap","1",-0.173294757833192,0.264022613514704,NA,NA,NA,29.3714346659045,28.9,1.74,0.0444,0.333,0.00524,0.115,69.23,6.22999999999999,6.67999999999999
"ET402","EustonTap","1",-0.0573602755503893,0.157792665602468,NA,NA,NA,22.9025854200447,22.6,1.62,0.0324,0.335,0.00484,0.126,62.97,10.36,5.02
"ET403","EustonTap","1",-0.123472704913675,0.222041708243198,NA,NA,NA,23.6787015248632,23.3,1.71,0.041,0.31,0.00417,0.119,66.83,8.25999999999999,5.84
"ET404","EustonTap","1",0.0115834939534517,0.0656656159943904,NA,NA,NA,15.1126451354213,14.9,1.67,0.0286,0.293,0.00532,0.159,58.56,2.64,10.71
"ET405","EustonTap","1",-0.103100761471819,0.203925679841101,NA,NA,NA,22.8278900220474,22,1.84,0.0402,0.308,0.00449,0.125,66.89,3.92999999999999,6.34
"ET406","EustonTap","1",-0.0560562534854697,0.121915050692077,NA,NA,NA,15.7477709945166,15.5,1.53,0.0318,0.33,0.00717,0.23,59.79,4.39,13.6
"ET407","EustonTap","1",-0.160895034064631,0.241282950568205,NA,NA,NA,27.8491103760016,26.8,1.84,0.0454,0.316,0.00481,0.165,68.41,6.58000000000001,6.89
"ET408","EustonTap","1",0.000404577538353323,0.0955478193928972,NA,NA,NA,16.0345128266808,15.8,1.52,0.0318,0.311,0.00364,0.0649,59.59,7.23999999999999,7.7
"ET409","EustonTap","1",-0.244796449123959,0.259806137629491,NA,NA,NA,31.2375558277004,29.1,1.93,0.0441,0.315,0.00537,0.172,69.98,16.48,6.16
"ET410","EustonTap","1",-0.162145452681787,0.228917736282606,NA,NA,NA,22.7251936641266,22.4,1.6,0.0355,0.284,0.00449,0.359,64.31,13.06,10.5
"ET411","EustonTap","1",-0.0653542469850855,0.146164394237734,NA,NA,NA,18.2652493166334,18,1.6,0.0329,0.299,0.00435,0.274,60.95,7.63,10.69
"ET412","EustonTap","1",-0.0456100998930576,0.104071486861318,NA,NA,NA,18.8197129850512,17.7,1.92,0.0353,0.394,0.00354,0.0679,63,2.69,8.43000000000001
"ET413","EustonTap","1",-0.0382680010062508,0.112480283213539,NA,NA,NA,18.3830817218998,18.1,1.71,0.0342,0.403,0.00582,0.0725,61.94,4.07,8.74000000000001
"ET414","EustonTap","1",-0.0556108767985697,0.193422449748304,NA,NA,NA,19.8265996015683,19.5,1.63,0.0394,0.306,0.00392,0.0533,65.36,3.48,5.27
"ET415","EustonTap","1",-0.0517216313040948,0.114751810576499,NA,NA,NA,15.6572012461651,15.4,1.72,0.0354,0.338,0.00408,0.068,62.05,1.28,11.5
"ET416","EustonTap","1",-0.187778369742641,0.17740265086976,NA,NA,NA,34.5884206000934,29.9,2.14,0.0405,0.31,0.00572,0.226,67.07,6.81000000000001,10
"ET417","EustonTap","1",-0.125912710124954,0.162347707492518,NA,NA,NA,22.4438647455643,21,1.93,0.0359,0.299,0.00408,0.238,64.53,2.05,12.7
"ET418","EustonTap","1",-0.0484932202071697,0.140367484572835,NA,NA,NA,18.9778548755392,18.2,1.86,0.0339,0.294,0.00539,0.2,63.33,2.88,8.07000000000001
"ET419","EustonTap","1",-0.276638511903165,0.281153016083136,NA,NA,NA,43.9291480773218,34.1,2.45,0.0473,0.357,0.00631,0.409,73,7.03,7.28
"ET420","EustonTap","1",-0.120898156987348,0.18609172754394,NA,NA,NA,29.9093222877716,25.7,2.17,0.0396,0.344,0.00668,0.0923,68.93,1.08999999999999,5.22999999999999
"ET421","EustonTap","1",-0.118480542909443,0.200162420803943,NA,NA,NA,25.1047181982338,22.9,2,0.0412,0.313,0.00502,0.0581,68.52,1.39,6.18000000000001
"ET422","EustonTap","1",-0.0685950541507017,0.0937893253198147,NA,NA,NA,21.2477901783771,19,2.07,0.0351,0.295,0.0128,0.114,63.85,1.3,9.45
"ET423","EustonTap","1",-0.0319349147624871,0.0627096441179357,NA,NA,NA,15.6256740097679,15.1,1.84,0.0311,0.295,0.00375,0.0822,60.25,6.58,9.83
"ET424","EustonTap","1",-0.141454633855327,0.140593345877138,NA,NA,NA,26.6296705499804,23.1,2.15,0.0381,0.326,0.00638,0.208,65.53,9.31,8.28999999999999
"ET425","EustonTap","1",-0.20013781375989,0.24678824117791,NA,NA,NA,33.1331088384768,30.3,1.98,0.0406,0.322,0.00603,0.24,69.18,12.4,5.36
"ET426","EustonTap","1",-0.194255962849457,0.24557108979902,NA,NA,NA,32.0787491592715,30.3,1.89,0.047,0.349,0.00585,0.132,69.35,9.73,6.11
"ET427","EustonTap","1",-0.249120439715059,0.291910841291739,NA,NA,NA,43.6518426301061,39,2.03,0.0463,0.328,0.0057,0.118,72.8,8.39,4.63000000000001
"ET428","EustonTap","1",-0.0984787933748855,0.145847864419709,NA,NA,NA,22.5116846331124,22.2,1.73,0.0345,0.324,0.00389,0.14,63.03,9.73999999999999,8.73999999999999
"ET429","EustonTap","1",-0.260243704522342,0.318106455584182,NA,NA,NA,39.7527703284339,36.1,1.99,0.0498,0.33,0.00497,0.0992,73.9,9.53,3.94999999999999
"ET430","EustonTap","1",-0.022287597656866,0.0337118201572771,NA,NA,NA,15.6018221169762,14.8,1.9,0.0297,0.325,0.00319,0.0667,59.37,5.47,10.87
"ET431","EustonTap","1",-0.324421999105511,0.319879958456392,NA,NA,NA,42.0888572390151,37.5,2.04,0.042,0.307,0.00567,0.329,72.45,17.38,7.17
"ET432","EustonTap","1",-0.194273291991003,0.24199039218392,NA,NA,NA,31.4486168663074,31,1.76,0.0386,0.322,0.00505,0.188,67.66,12.72,7.18000000000001
"ET433","EustonTap","1",-0.208126387245284,0.232863652878011,NA,NA,NA,32.5065849366824,30.5,1.91,0.0386,0.305,0.00478,0.184,68.36,12.54,7.25
"ET434","EustonTap","1",-0.2124216098127,0.245273817851444,NA,NA,NA,43.3250086011468,39.3,1.99,0.0407,0.321,0.0044,0.17,69.67,5.77000000000001,7.5
"ET435","EustonTap","1",-0.0424415953435299,0.10144373253933,NA,NA,NA,19.7176423703781,18.6,1.91,0.0322,0.309,0.00609,0.243,61.47,7.01,8.11
"ET436","EustonTap","1",-0.143954920308457,0.23498451760055,NA,NA,NA,28.5471345369746,27.2,1.87,0.0405,0.311,0.00486,0.172,68.27,7.37,5.18000000000001
"ET437","EustonTap","1",-0.192074277263998,0.217792049652989,NA,NA,NA,29.0807944772306,28.7,1.71,0.0359,0.322,0.00442,0.114,66.68,14.93,7.66999999999999
"ET438","EustonTap","1",-0.268562969901216,0.279514976421687,NA,NA,NA,43.9831872201991,35,2.37,0.0415,0.325,0.00708,0.439,72.11,13.06,4.88
"MC501","MarchmontGarden","1",0.212711630029085,-0.0397607542792505,NA,NA,NA,12.5440159712672,12.1,1.85,0.0239,0.422,0.00994,0.133,55.61,10.21,8.53
"MC502","MarchmontGarden","1",0.398533062463406,-0.172061935895883,NA,NA,NA,6.62701776727896,6.53,1.48,0.0213,0.357,0.00414,0.0687,46.46,2.99,13.92
"MC503","MarchmontGarden","1",0.208467718139801,-0.0368051364047139,NA,NA,NA,11.7686038905193,11.6,1.56,0.0251,0.337,0.00678,0.185,52.91,11.68,10.56
"MC504","MarchmontGarden","1",0.458482907778532,-0.211249271693924,NA,NA,NA,5.68104610546136,5.6,1.57,0.0199,0.312,0.00321,0.0497,45.31,1.72,11.95
"MC505","MarchmontGarden","1",0.415512273025172,-0.202251826887024,NA,NA,NA,9.12786187672459,8.26,2.08,0.0221,0.341,0.00533,0.101,49.31,2.26000000000001,10.25
"MC506","MarchmontGarden","1",0.267688989904274,-0.0561536697073392,NA,NA,NA,12.8676216364757,12.6,1.8,0.0242,0.302,0.00424,0.191,53.55,8.34999999999999,9.58000000000001
"MC507","MarchmontGarden","1",0.239922007227849,-0.01736592605754,NA,NA,NA,12.0838844888026,11.9,1.75,0.0286,0.398,0.00482,0.149,55.48,7,10.61
"MC508","MarchmontGarden","1",0.310458099206949,-0.12736386729934,NA,NA,NA,9.99086956138929,9.4,1.94,0.0234,0.381,0.00556,0.124,51.76,5.55,11.33
"MC509","MarchmontGarden","1",0.220554304615211,-0.0803301455546529,NA,NA,NA,13.169237851032,13,1.75,0.0232,0.416,0.00685,0.126,52.71,10.5,11.96
"MC510","MarchmontGarden","1",0.298794304667841,-0.0827513433758013,NA,NA,NA,8.031184162448,7.9,1.44,0.0241,0.411,0.00738,0.144,50.13,2.73,17.77
"MC511","MarchmontGarden","1",0.285736281905373,-0.0420786287862761,NA,NA,NA,8.61580234590921,8.47,1.43,0.0262,0.373,0.0071,0.165,51.86,4.15,14.63
"MC512","MarchmontGarden","1",0.225593676681793,0.0439597507549488,NA,NA,NA,15.9146456802047,15.7,1.48,0.0281,0.316,0.00502,0.0991,56.9,6.98,11.19
"MC513","MarchmontGarden","1",0.318955869143954,-0.0367819129494313,NA,NA,NA,7.98308711486126,7.85,1.33,0.025,0.351,0.00683,0.201,51.04,1.63,16.22
"MC514","MarchmontGarden","1",0.284565304672948,-0.0745106955785393,NA,NA,NA,7.51556083371623,7.4,1.22,0.0235,0.315,0.00463,0.0972,49.09,6.2,15.6
"MC515","MarchmontGarden","1",0.28276115569103,-0.0603693629470973,NA,NA,NA,9.128570844715,8.99,1.41,0.0233,0.371,0.0076,0.0972,51.42,5.87,13.39
"MC516","MarchmontGarden","1",0.297939562681075,-0.107604262563357,NA,NA,NA,7.21544024175309,7.1,1.38,0.0229,0.399,0.00649,0.0858,48.89,5.55,15.54
"MC517","MarchmontGarden","1",0.249781312171414,-0.136332644986468,NA,NA,NA,8.36815178956737,8.19,1.61,0.0241,0.533,0.0217,0.097,50.13,5.85,17.78
"MC518","MarchmontGarden","1",0.16135830546969,-0.0300035324949911,NA,NA,NA,10.3888230709565,10.2,1.61,0.0245,0.451,0.017,0.128,54.79,11.72,11.18
"MC519","MarchmontGarden","1",0.140012577594934,0.00400546536922239,NA,NA,NA,13.8695742762465,13.7,1.75,0.0234,0.39,0.00534,0.267,55.56,10.1,15.33
"MC520","MarchmontGarden","1",0.267100029017152,0.0391122298429852,NA,NA,NA,9.38401293274616,9.23,1.28,0.0256,0.399,0.00815,0.202,54.48,6.09,10.02
"MC521","MarchmontGarden","1",0.301909680944582,-0.0803972181475267,NA,NA,NA,9.60189943279661,9.46,1.39,0.0245,0.363,0.00551,0.0636,50.43,6.08,13.13
"MC522","MarchmontGarden","1",0.317861931406308,-0.0818843380965685,NA,NA,NA,9.08154843853303,8.94,1.43,0.0258,0.34,0.00491,0.0916,50.38,5.38,12.62
"MC523","MarchmontGarden","1",0.381190007624381,-0.119999930346969,NA,NA,NA,6.0908508604787,5.99,1.21,0.0241,0.325,0.00336,0.0561,47.04,1.8,15.93
"MC524","MarchmontGarden","1",0.379275822785723,-0.0583748469651026,NA,NA,NA,7.40737014460032,7.29,1.31,0.0251,0.321,0.00322,0.102,50.43,1.12,12.54
"MC525","MarchmontGarden","1",0.384110117628243,-0.0900180625658217,NA,NA,NA,6.97117227779845,6.86,1.37,0.0241,0.403,0.004,0.159,48.89,1.65,13.51
"MC526","MarchmontGarden","1",0.326677291271777,-0.0757864234147071,NA,NA,NA,7.90280875041919,7.77,1.39,0.0236,0.346,0.00911,0.13,50.33,6.93,9.42
"MC527","MarchmontGarden","1",0.36661429051819,-0.108839786873276,NA,NA,NA,6.54365118262288,6.44,1.3,0.0229,0.366,0.00453,0.0652,48.27,4.84,11.41
"MC528","MarchmontGarden","1",0.203732527036764,-0.0140195162806795,NA,NA,NA,13.3798168731271,13.2,1.5,0.0257,0.327,0.0053,0.13,53.95,12.04,9.55
"MC529","MarchmontGarden","1",0.353595641706472,-0.0952385675226376,NA,NA,NA,7.26431023362406,7.14,1.44,0.0243,0.389,0.00738,0.209,48.96,4.41,12.34
"MC530","MarchmontGarden","1",0.189557813460429,-0.065549532718432,NA,NA,NA,9.60147153467822,9.44,1.38,0.0249,0.363,0.0108,0.177,50.47,7.99,19.89
"MC531","MarchmontGarden","1",0.369640661346541,-0.0916724232216199,NA,NA,NA,7.92437790030116,7.78,1.48,0.0253,0.372,0.0104,0.155,50.1,2.72000000000001,11.86
"MC532","MarchmontGarden","1",0.316261301326832,-0.0862392933342681,NA,NA,NA,8.3713595772193,8.24,1.33,0.0248,0.335,0.0053,0.0794,49.54,4.89,14.38
"MC533","MarchmontGarden","1",0.232838285113872,-0.0281669581794001,NA,NA,NA,10.1719431239335,10,1.35,0.0267,0.4,0.00948,0.186,51.92,3.41,20.55
"MC534","MarchmontGarden","1",0.268956482900757,-0.000293213950714716,NA,NA,NA,9.99884326735593,9.83,1.37,0.0279,0.335,0.00729,0.235,52.88,3.32,16.18
"MC535","MarchmontGarden","1",0.331871163613663,-0.118227673924166,NA,NA,NA,8.99081156899391,8.86,1.49,0.0232,0.34,0.00572,0.11,48.94,3.08,16.63
"MC536","MarchmontGarden","1",0.340199078068584,-0.095330959720558,NA,NA,NA,7.98657894501519,7.86,1.43,0.0252,0.318,0.00433,0.0622,49.93,3.93,12.96
"MC537","MarchmontGarden","1",0.359084620348961,-0.217150828628519,NA,NA,NA,8.89178787206515,7.81,2.19,0.0228,0.314,0.00784,0.139,49.25,1.38,16.16
"MC538","MarchmontGarden","1",0.355271143889903,-0.154473142991362,NA,NA,NA,7.67523629021092,7.53,1.74,0.0236,0.458,0.0142,0.118,49.54,4.48,11.41
"MC539","MarchmontGarden","1",0.335076256806797,-0.0726142160804863,NA,NA,NA,9.33018104430581,9.18,1.47,0.024,0.397,0.00954,0.0737,51.6,6.14,8.46
"MC540","MarchmontGarden","1",0.272420744341858,-0.0512934016039989,NA,NA,NA,10.3963759937948,10.2,1.53,0.0268,0.405,0.0157,0.121,53.11,9.66999999999999,7.12
"MC541","MarchmontGarden","1",0.184336253372795,0.0198700248724887,NA,NA,NA,18.1456788268483,17.5,1.84,0.0302,0.508,0.0184,0.15,58.89,12.31,5.36
"MG201","MonumentoGaribaldi","1",0.162226057350779,0.281440524577048,NA,NA,NA,25.5547509215931,24.8,1.82,0.0352,0.27,0.00555,0.428,65.34,7.78,9.89
"MG202","MonumentoGaribaldi","1",0.165405909530302,0.262889013372271,NA,NA,NA,25.918123413547,24.7,1.87,0.0407,0.339,0.0102,0.323,66.01,7.12,8.89
"MG203","MonumentoGaribaldi","1",0.169788225660402,0.268644950457098,NA,NA,NA,28.0199511178239,25.4,2.01,0.0558,0.358,0.01,0.338,67.21,3.5,8.13000000000001
"MG204","MonumentoGaribaldi","1",0.169040979425216,0.305399879304698,NA,NA,NA,28.5828694850409,26.2,1.97,0.0829,0.412,0.00425,0.307,68.6,2.22999999999999,6.62
"MG205","MonumentoGaribaldi","1",0.178587076139733,0.334179744069076,NA,NA,NA,23.2234763114705,22.1,1.74,0.132,0.403,0.0031,0.38,67.58,1.98999999999999,6.89
"MG206","MonumentoGaribaldi","1",0.179727829851058,0.338734553722394,NA,NA,NA,22.2318799659455,21.2,1.67,0.124,0.393,0.00337,0.405,67.08,1.97,7.44
"MG207","MonumentoGaribaldi","1",0.186022689468405,0.34350769100928,NA,NA,NA,22.3876128139506,21.2,1.66,0.143,0.413,0.00345,0.429,67.04,1.98999999999999,6.97999999999999
"MG208","MonumentoGaribaldi","1",0.185848587064896,0.326731145369645,NA,NA,NA,22.5913368128971,21.5,1.7,0.13,0.418,0.0036,0.384,66.91,1.94,7.22
"MG209","MonumentoGaribaldi","1",0.0803431676969691,0.292189726417877,NA,NA,NA,53.3694075939709,38.9,2.63,0.0465,0.283,0.00631,0.373,72.51,3.03,10.38
"MG210","MonumentoGaribaldi","1",0.117163374926091,0.132890878589254,NA,NA,NA,139.066376598455,62.9,4.35,0.062,0.415,0.0174,0.224,79.67,7.03,3.55
"MG211","MonumentoGaribaldi","1",0.0882608428231295,0.33608654907057,NA,NA,NA,44.4074257754591,35.1,2.39,0.0471,0.254,0.00687,0.526,71.59,2.23999999999999,10.48
"MG212","MonumentoGaribaldi","1",0.0809261290125473,0.357981665642276,NA,NA,NA,41.7390909003098,34.7,2.24,0.0497,0.271,0.00483,0.547,71.22,2.94,11.16
"MG213","MonumentoGaribaldi","1",0.118889075958562,0.143904654208102,NA,NA,NA,93.2955282891431,48.3,3.86,0.0622,0.452,0.00959,0.224,75.99,5.04000000000001,5.15000000000001
"MG214","MonumentoGaribaldi","1",0.126167814286895,0.187610373537719,NA,NA,NA,60.379020749454,38.1,3.14,0.0456,0.36,0.0079,0.265,72.24,2.40000000000001,7.80000000000001
"MG215","MonumentoGaribaldi","1",0.161949060204974,0.266797590542255,NA,NA,NA,25.4642026620975,24.5,1.84,0.0418,0.364,0.0146,0.563,64.22,7.73,11.56
"MG216","MonumentoGaribaldi","1",0.118818644947996,0.316514897202922,NA,NA,NA,30.3618489701354,27.5,2.01,0.0501,0.298,0.00702,0.516,67.85,3.17999999999999,11.78
"MG217","MonumentoGaribaldi","1",0.133724390837309,0.287912409182664,NA,NA,NA,29.6830486895569,26.9,2.01,0.0473,0.288,0.00667,0.415,67.28,2.26000000000001,11.6
"MG218","MonumentoGaribaldi","1",0.130290168179643,0.30879690941694,NA,NA,NA,30.5845623018005,27.9,1.99,0.0431,0.266,0.0089,0.486,67.7,2.53,11.27
"MG219","MonumentoGaribaldi","1",0.0713296467399554,0.361361697799322,NA,NA,NA,42.0313561491076,35.4,2.2,0.0524,0.276,0.00937,0.522,71.6,3.17,11.36
"MG220","MonumentoGaribaldi","1",0.077673784456883,0.361363081617244,NA,NA,NA,37.771267024577,32.9,2.11,0.0525,0.257,0.00637,0.556,70.43,3.8,11.94
"MG301","MonumentoGaribaldi","1",0.23366938020886,0.115127653716635,NA,NA,NA,19.1861256363873,17.8,1.94,0.0289,0.673,0.0904,0.418,63.79,19.56,1.79
"MG302","MonumentoGaribaldi","1",0.443293763357133,-0.0261044086600544,NA,NA,NA,8.82984495543683,8.64,1.72,0.0242,0.522,0.0234,0.152,52.98,11.78,1.61000000000001
"MG303","MonumentoGaribaldi","1",0.528866232511655,-0.129753806341806,NA,NA,NA,6.74643954568194,6.62,1.75,0.0213,0.489,0.0147,0.185,47.24,7.33000000000001,4.09
"MG304","MonumentoGaribaldi","1",0.536815887715718,-0.112038711800453,NA,NA,NA,5.77101161186543,5.65,1.42,0.0246,0.428,0.0122,0.0998,46.18,5.39,5.51
"MG305","MonumentoGaribaldi","1",0.521485775419659,-0.128773250931484,NA,NA,NA,6.40865067910495,6.27,1.67,0.0225,0.455,0.0191,0.153,47.25,6.62,4.89
"MG306","MonumentoGaribaldi","1",0.533283980065546,-0.111367757232294,NA,NA,NA,5.72392258412195,5.6,1.57,0.0241,0.457,0.0144,0.188,46.74,6.45,4.64
"MG307","MonumentoGaribaldi","1",0.47500192484704,-0.11633602858981,NA,NA,NA,6.42773304823994,6.29,1.64,0.0236,0.447,0.017,0.224,46.89,8.01,8.86
"MG308","MonumentoGaribaldi","1",0.466302540980841,-0.0616480876490923,NA,NA,NA,7.07197522124851,6.92,1.54,0.0248,0.435,0.0174,0.248,48.65,7.21,7.33
"MG309","MonumentoGaribaldi","1",0.504092684516223,-0.0861161723498342,NA,NA,NA,6.20825903713317,6.08,1.49,0.0226,0.37,0.0159,0.168,47.65,5.63,6.06
"MG310","MonumentoGaribaldi","1",0.44881911134642,-0.0436672140883348,NA,NA,NA,7.52555927718236,7.34,1.49,0.0301,0.444,0.0192,0.147,50.14,8,6.4
"MG311","MonumentoGaribaldi","1",0.341257256609724,-0.000421344742389387,NA,NA,NA,16.2760358280474,14.7,2.04,0.0337,0.668,0.0706,0.264,58.85,11.54,2.33
"MG312","MonumentoGaribaldi","1",0.444209159359256,-0.00651188004535483,NA,NA,NA,8.80879129663879,8.65,1.61,0.0232,0.38,0.0151,0.199,52.16,7.16,4.22000000000001
"MG313","MonumentoGaribaldi","1",0.427372052230781,-0.0687089191283289,NA,NA,NA,7.28011686946347,7.12,1.46,0.0225,0.318,0.0228,0.202,48.45,6.37,11.17
"MG314","MonumentoGaribaldi","1",0.537330348818749,-0.132782280743462,NA,NA,NA,6.03495571689018,5.91,1.61,0.0205,0.378,0.0186,0.19,46.25,5.76,5.27
"MG315","MonumentoGaribaldi","1",0.481128784529379,-0.122424764550797,NA,NA,NA,5.86141810274021,5.74,1.55,0.0228,0.355,0.0146,0.135,46.51,5.87,9.54
"MG316","MonumentoGaribaldi","1",0.526168403927114,-0.141483535494743,NA,NA,NA,6.10099666833066,5.98,1.59,0.0217,0.388,0.0149,0.119,46.03,7.07,6.11
"MG317","MonumentoGaribaldi","1",0.536119313325829,-0.129346954899229,NA,NA,NA,5.88605795818247,5.77,1.63,0.022,0.378,0.0135,0.169,46.41,5.77,5.12
"MG318","MonumentoGaribaldi","1",0.50361063565119,-0.10495388483817,NA,NA,NA,6.8201039657409,6.69,1.56,0.021,0.378,0.0162,0.181,47.16,6.7,6.53
"MG319","MonumentoGaribaldi","1",0.503870121704065,-0.0786069598058454,NA,NA,NA,7.16725611600391,7.04,1.69,0.0201,0.378,0.0151,0.231,48.94,11.87,2.27
"MG320","MonumentoGaribaldi","1",0.434013921869773,0.0276520648134288,NA,NA,NA,8.71176789955507,8.5,1.66,0.0265,0.359,0.0275,0.386,53.45,10.81,2
"MG321","MonumentoGaribaldi","1",0.347066597521247,-0.0152546279934992,NA,NA,NA,9.45003738568028,8.4,2.14,0.0187,0.444,0.0269,0.37,55.06,17.32,4.89
"MG322","MonumentoGaribaldi","1",0.389605639762629,-0.101842993658236,NA,NA,NA,11.0695566139619,9.66,2.19,0.0238,0.681,0.0561,0.249,54.15,16.34,3.13
"MG323","MonumentoGaribaldi","1",0.358164205313454,-0.049860324275644,NA,NA,NA,8.49632379531353,7.89,1.99,0.0176,0.413,0.0156,0.302,52.05,14.55,9.17
"MG324","MonumentoGaribaldi","1",0.33811406085617,0.0283985904755936,NA,NA,NA,9.62505952498577,9.27,1.85,0.0256,0.4,0.0199,0.327,54.92,13.41,7.12
"MG326","MonumentoGaribaldi","1",0.274145877737155,-0.0898343939743007,NA,NA,NA,8.05340784058359,7.91,1.57,0.0223,0.48,0.0141,0.167,47.96,13.29,22.55
"MG327","MonumentoGaribaldi","1",0.391435537229299,0.0487976010260639,NA,NA,NA,11.779839933484,11.1,1.92,0.0219,0.452,0.0397,0.51,56.21,12.3,1.33
"MG328","MonumentoGaribaldi","1",0.396381403466439,0.016136256244005,NA,NA,NA,10.7467143171275,10.4,1.83,0.0223,0.387,0.0269,0.381,54.17,10.64,4.34
"MG329","MonumentoGaribaldi","1",0.414531767481036,0.0514430561332299,NA,NA,NA,8.54176439119442,8.36,1.39,0.0272,0.333,0.0175,0.464,51.25,9.86,7.14
"MG330","MonumentoGaribaldi","1",0.371275384209407,0.0481310702693504,NA,NA,NA,12.5037922815497,11.9,1.87,0.0241,0.383,0.0594,0.475,57.41,12.76,1.18000000000001
"MG331","MonumentoGaribaldi","1",0.45413024641205,-0.0251838357998056,NA,NA,NA,7.97254513680661,7.75,1.74,0.0208,0.381,0.0435,0.381,52.56,10.78,1.56
"MG332","MonumentoGaribaldi","1",0.432759235323153,-0.0204658765949837,NA,NA,NA,8.88796017129792,8.57,1.81,0.0191,0.407,0.0576,0.415,53.97,13.76,0.410000000000004
"MG333","MonumentoGaribaldi","1",0.416008872498253,0.0219401169667525,NA,NA,NA,8.91274913235561,8.71,1.61,0.0221,0.453,0.0303,0.299,53.72,16.18,1.4
"MG334","MonumentoGaribaldi","1",0.360119914437832,0.0581925668239633,NA,NA,NA,12.1264602746159,11.8,1.7,0.0237,0.422,0.0496,0.353,57.01,16.93,1.32
"PL301","PancrasLock","1",0.168346851341892,0.0486252571428306,NA,NA,NA,30.3027436298135,21.9,2.77,0.0313,0.314,0.00429,0.0266,66.19,0.849999999999994,3.61
"PL302","PancrasLock","1",0.229053521641426,0.0245498127965786,NA,NA,NA,22.6837271855554,17.7,2.53,0.0279,0.312,0.00383,0.0348,63.09,0.990000000000002,3.92999999999999
"PL303","PancrasLock","1",0.28492326376134,-0.00536630524662626,NA,NA,NA,17.2531949506981,14.4,2.32,0.0264,0.328,0.00416,0.0385,60.02,1.96,4.57999999999999
"PL304","PancrasLock","1",0.357145257524047,-0.0648390576396355,NA,NA,NA,8.98209510215572,8.86,1.73,0.023,0.301,0.00332,0.0662,52.34,2.66,10.85
"PL305","PancrasLock","1",0.306386663034896,-0.0408633182631111,NA,NA,NA,10.2497165058565,9.92,1.84,0.0249,0.306,0.00806,0.0964,54.41,2.18,11.81
"PL306","PancrasLock","1",0.251447814603645,-0.139451149088786,NA,NA,NA,11.1451831631083,9.91,2.13,0.0242,0.316,0.0138,0.0457,52.56,1.47,18.84
"PL307","PancrasLock","1",0.166516081627314,0.00371889249904359,NA,NA,NA,19.9720250922467,16.5,2.34,0.0293,0.323,0.00692,0.0259,60.91,0.719999999999999,12.58
"PL308","PancrasLock","1",0.234794679947826,-0.0760523756057271,NA,NA,NA,13.6812309544644,12.3,2.08,0.0262,0.33,0.00887,0.0793,54.69,2.19,17.02
"PL309","PancrasLock","1",0.381553185203428,-0.00349604088925645,NA,NA,NA,10.4497897984206,10.3,1.75,0.0251,0.294,0.00474,0.176,54.67,3.79,5.52
"PL310","PancrasLock","1",0.276545496189436,-0.00585358313505754,NA,NA,NA,10.6698302679422,10.5,1.67,0.0263,0.362,0.00806,0.121,54.64,4.61,14.53
"PL311","PancrasLock","1",0.339639647370695,-0.000901843939076961,NA,NA,NA,10.3554145610998,10.2,1.67,0.0258,0.329,0.00554,0.151,54.46,3.01,9.15
"PL312","PancrasLock","1",0.375263183815096,-0.0158542579154071,NA,NA,NA,10.248037835239,10.1,1.64,0.0242,0.36,0.00609,0.135,53.67,5.91,8.06
"PL313","PancrasLock","1",0.401706814272468,-0.0193876937481597,NA,NA,NA,9.30772314110593,9.18,1.58,0.0233,0.311,0.00378,0.0716,53.43,3.94,5.81
"PL314","PancrasLock","1",0.287318961024568,0.0950283618554192,NA,NA,NA,16.6389287614427,16.4,1.74,0.0275,0.395,0.0099,0.182,59.74,6.31,5.94
"PL315","PancrasLock","1",0.187323564873748,0.0171313755595452,NA,NA,NA,13.9216122774389,13.7,1.55,0.0285,0.347,0.0101,0.0825,55.33,4,20.48
"PL316","PancrasLock","1",0.279168893118727,-0.0167925704976447,NA,NA,NA,15.4723120387189,13.4,2.2,0.027,0.311,0.00406,0.0284,58.63,0.920000000000002,7.02999999999999
"PL317","PancrasLock","1",0.218492036011471,0.0291981364767803,NA,NA,NA,24.2264955513924,18.7,2.56,0.0307,0.307,0.0043,0.0239,63.67,0.719999999999999,3.73
"PL318","PancrasLock","1",0.150891361356598,0.0421865095501396,NA,NA,NA,33.0223255433981,23.1,2.88,0.0314,0.32,0.00386,0.0202,66.73,0.670000000000002,3.94
"PL319","PancrasLock","1",0.159311933282044,0.0565093562206653,NA,NA,NA,32.2921563807702,23.2,2.78,0.0318,0.305,0.00407,0.0312,66.6,0.690000000000012,3.51000000000001
"PL320","PancrasLock","1",0.150324741934231,0.0589614675574145,NA,NA,NA,34.2963431767768,24,2.87,0.0327,0.316,0.00453,0.022,67.51,0.679999999999993,2.70999999999999
"PL321","PancrasLock","1",-0.00999650207507125,0.0519264918305472,NA,NA,NA,74.3973266171312,39.3,3.86,0.0366,0.358,0.00646,0.034,74.67,1.48,1.48999999999999
"PL322","PancrasLock","1",0.326257937344541,-0.0701503156866939,NA,NA,NA,10.1820731399708,9.94,1.81,0.0239,0.369,0.00609,0.053,52.98,2.39,12.3
"PL323","PancrasLock","1",0.320711437602481,-0.0833509372633373,NA,NA,NA,9.73465310046692,9.6,1.72,0.0241,0.312,0.0036,0.0558,51.46,2.08,14.96
"PL324","PancrasLock","1",0.30040294628354,-0.0447489340440124,NA,NA,NA,10.7478267776119,10.6,1.71,0.0245,0.302,0.00437,0.0543,53.35,2.70999999999999,13.94
"PL325","PancrasLock","1",0.236709003945758,0.0796945780518647,NA,NA,NA,13.9377562181795,13.7,1.59,0.0306,0.317,0.0108,0.147,58.21,5.56,12.52
"PL326","PancrasLock","1",0.256988268355197,-0.103204883884728,NA,NA,NA,9.18605150435664,9.05,1.66,0.0223,0.319,0.00816,0.0549,50.34,2.4,22.07
"PL327","PancrasLock","1",0.255452102735911,0.0173465436199182,NA,NA,NA,13.7275625907871,13.5,1.66,0.0237,0.322,0.0192,0.272,55.16,9.86,16.51
"PL328","PancrasLock","1",0.332314778995665,-0.147005928732439,NA,NA,NA,8.33065183104037,8.03,1.86,0.0217,0.322,0.00558,0.027,49.76,1.68,16.53
"PL329","PancrasLock","1",0.297005474179877,-0.152170073031475,NA,NA,NA,8.48614086775479,8.15,1.87,0.0218,0.325,0.0113,0.0577,49.7,1.86,19.6
"PL330","PancrasLock","1",0.230660682778133,0.0341303522981854,NA,NA,NA,11.8965568322914,11.7,1.58,0.0295,0.387,0.00728,0.15,55.63,3.9,16.61
"PL331","PancrasLock","1",0.287769078933677,-0.0413222825638662,NA,NA,NA,10.2579908390237,10.1,1.7,0.0265,0.387,0.00549,0.0845,53.26,2.02,15.01
"PL332","PancrasLock","1",0.159249615959339,0.162100670930108,NA,NA,NA,22.4649203016671,22.1,1.66,0.0374,0.434,0.00922,0.104,63.06,10.71,12.26
"PL333","PancrasLock","1",0.255338203327688,0.0872849919897326,NA,NA,NA,20.7959713273634,20.5,1.76,0.0302,0.385,0.00826,0.168,59.52,11.06,9.66999999999999
"PL334","PancrasLock","1",0.31666997854605,-0.038911360504212,NA,NA,NA,9.65794051511359,9.51,1.7,0.0265,0.331,0.00417,0.101,53.15,2.75,13
"PL335","PancrasLock","1",0.318037438291869,-0.0250633956914793,NA,NA,NA,10.6751207077771,10.5,1.72,0.0274,0.411,0.00789,0.0812,54.4,3.61000000000001,11.16
"PL336","PancrasLock","1",0.140046836175161,0.0428241470975534,NA,NA,NA,37.3896293852929,24.9,3.05,0.0337,0.357,0.00415,0.0173,68.09,0.940000000000012,2.45
"PL337","PancrasLock","1",0.211469651952701,0.0377717540997033,NA,NA,NA,23.4855626802493,18.5,2.49,0.0304,0.315,0.00452,0.0389,63.45,0.68,4.70999999999999
"PL338","PancrasLock","1",0.219119092086921,0.0447730276982216,NA,NA,NA,23.8821594481066,18.8,2.49,0.031,0.309,0.00376,0.023,63.88,0.809999999999995,3.43
"PL339","PancrasLock","1",0.0520138189817875,0.0631678398357695,NA,NA,NA,55.5251143169518,32.5,3.49,0.0361,0.336,0.00499,0.0223,72.43,0.440000000000012,1.36999999999999
"PL340","PancrasLock","1",0.207426392486945,0.0408699220171382,NA,NA,NA,26.7080714349155,20.2,2.62,0.0314,0.297,0.00417,0.0426,64.53,1.01000000000001,3.2
"PL341","PancrasLock","1",0.165287086208443,0.0544373717837855,NA,NA,NA,29.4206699073078,21.8,2.68,0.0312,0.312,0.006,0.0395,65.8,0.919999999999987,4.55
"PL401","PancrasLock","1",0.249528118058816,-0.00140765829247232,NA,NA,NA,21.7623338005031,17.1,2.51,0.0282,0.329,0.00954,0.029,62.09,1.67,3.95
"PL402","PancrasLock","1",0.274366014854968,-0.0600912214139634,NA,NA,NA,9.80732850471601,9.63,1.72,0.0257,0.36,0.0137,0.113,52.79,2.87,17.08
"PL403","PancrasLock","1",0.363875100174405,-0.131212509589695,NA,NA,NA,7.87206760990069,7.75,1.76,0.0219,0.319,0.00731,0.0314,49.86,2.15,13.91
"PL404","PancrasLock","1",0.269924977123177,-0.0073759536267198,NA,NA,NA,14.8127667959871,14.6,1.66,0.0265,0.343,0.00909,0.0868,54.85,9.84,15.63
"PL405","PancrasLock","1",0.227522492663987,0.0475698522338099,NA,NA,NA,15.1153792703023,14.9,1.69,0.0284,0.36,0.00624,0.202,56.61,8.56,16.25
"PL406","PancrasLock","1",0.378677884595298,-0.125082415895141,NA,NA,NA,10.9452737374509,9.5,2.22,0.0227,0.3,0.00259,0.04,53.25,0.759999999999998,7.03
"PL407","PancrasLock","1",0.414050394314809,-0.139066694200151,NA,NA,NA,10.1164573198265,8.99,2.14,0.0211,0.289,0.0034,0.0471,51.95,1.51000000000001,6.25
"PL408","PancrasLock","1",0.342418231387896,-0.133627922268921,NA,NA,NA,9.7907860697469,8.9,2.06,0.0223,0.307,0.00837,0.0195,52.18,0.859999999999999,11.78
"PL409","PancrasLock","1",0.125330958919683,9.97034038655725e-06,NA,NA,NA,22.4180716674822,19,2.24,0.0312,0.347,0.0145,0.0208,60.52,2,16.65
"PL410","PancrasLock","1",0.157823617136094,-0.0351499974371213,NA,NA,NA,17.3950286812022,14.8,2.25,0.0287,0.328,0.021,0.0485,59.06,3.34999999999999,16.95
"PL411","PancrasLock","1",0.102245688833138,0.302207301054277,NA,NA,NA,33.3473807871159,31.7,1.86,0.0741,0.344,0.0111,0.249,70.36,15.39,6.33
"PL412","PancrasLock","1",0.28818708121321,0.0242498278228253,NA,NA,NA,16.061940905493,14.1,2.15,0.0279,0.332,0.0116,0.0619,60.49,3.05,4.02
"PL413","PancrasLock","1",0.206075188204683,0.0445971575568755,NA,NA,NA,26.0725718998843,19.9,2.59,0.031,0.302,0.00424,0.0217,64.67,0.579999999999998,3.06999999999999
"PL414","PancrasLock","1",0.166203382097984,0.04175392986469,NA,NA,NA,32.4357696996783,23,2.83,0.0312,0.317,0.011,0.0514,66.54,1.47,3.19999999999999
"PL415","PancrasLock","1",0.182067159649161,-0.00162407777232717,NA,NA,NA,33.0730801254743,22.3,3.03,0.0297,0.318,0.00371,0.022,65.68,1.09999999999999,2.97
"PL416","PancrasLock","1",0.287012968328748,0.0145858536496463,NA,NA,NA,17.3181734429782,15,2.19,0.0273,0.352,0.0113,0.0966,60,1.81,4.39
"PL417","PancrasLock","1",0.304343146537643,-0.0213823734874766,NA,NA,NA,10.6563326309372,10.5,1.76,0.0255,0.318,0.00441,0.0697,54.75,1.22000000000001,11.2
"PL418","PancrasLock","1",0.27756119367462,0.0263718526794065,NA,NA,NA,13.6934580291994,13.3,1.79,0.0316,0.419,0.0373,0.127,59.03,3.64,7.45
"PL419","PancrasLock","1",0.266256564833356,0.00619631114564415,NA,NA,NA,21.0854573680151,19.9,1.89,0.0346,0.676,0.0607,0.168,60,11.13,8.04000000000001
"PL420","PancrasLock","1",0.386952740823446,-0.0326642384302559,NA,NA,NA,10.777050876021,10.6,1.77,0.0242,0.41,0.00898,0.0901,54.4,4.24,5.54
"PL421","PancrasLock","1",0.389991171861983,-0.034036792240477,NA,NA,NA,10.5475133224164,10.3,1.8,0.0243,0.528,0.0149,0.0776,55.06,3.94,4.27
"PL422","PancrasLock","1",0.325524206460187,-0.0981631372396282,NA,NA,NA,8.49076840497353,8.35,1.77,0.0235,0.413,0.00664,0.0547,51.32,1.81,14.83
"PL423","PancrasLock","1",0.220721514621883,0.0161355590821794,NA,NA,NA,12.9430130088806,12.7,1.56,0.0291,0.43,0.017,0.116,55.53,6.13,18.03
"PL424","PancrasLock","1",0.351402838497537,-0.0727327666757168,NA,NA,NA,8.70436922429132,8.55,1.67,0.0253,0.41,0.0109,0.0829,51.86,3.41,12.25
"PL425","PancrasLock","1",0.330336937975677,-0.0556833070891435,NA,NA,NA,8.68478359000865,8.53,1.51,0.0239,0.316,0.0132,0.0986,51.51,2.66,14.34
"PL426","PancrasLock","1",0.394259810599481,-0.0895661288822679,NA,NA,NA,7.78114449875606,7.67,1.62,0.0231,0.298,0.00289,0.0278,50.59,1.27,10.09
"PL427","PancrasLock","1",0.399258191518562,-0.0559476264652884,NA,NA,NA,10.1525242663799,9.96,1.78,0.025,0.343,0.0105,0.069,53.61,3.58,5.57
"PL428","PancrasLock","1",0.310093972118313,-0.0549895770744121,NA,NA,NA,10.8670404565737,10.6,1.81,0.027,0.302,0.00577,0.0513,53.72,2.37,12.49
"PL429","PancrasLock","1",0.373775175088098,-0.0662324290258905,NA,NA,NA,10.9877319433145,10.3,1.95,0.0237,0.304,0.00403,0.0382,54.22,1.9,6.3
"PL430","PancrasLock","1",0.345215084529959,-0.0608790349036753,NA,NA,NA,13.7781693290064,12,2.19,0.0237,0.293,0.00267,0.0214,56.35,0.900000000000006,5.02
"PL431","PancrasLock","1",0.212837524375709,0.0270988643374414,NA,NA,NA,27.0208665175976,20,2.7,0.0294,0.308,0.00388,0.0352,64.5,0.659999999999997,2.67
"PL432","PancrasLock","1",0.325563900809519,-0.023991385282336,NA,NA,NA,14.3587769740565,12.9,2.08,0.0259,0.313,0.00649,0.039,57.44,1.91999999999999,5.26000000000001
"PL433","PancrasLock","1",0.379959516020998,-0.0469832741213455,NA,NA,NA,11.0394534896901,10.5,1.9,0.0259,0.338,0.0047,0.0423,54.8,2.63,5.11
"PL434","PancrasLock","1",0.388493098434051,-0.037721181903794,NA,NA,NA,9.18928849040118,9.05,1.66,0.0258,0.345,0.0039,0.0727,53.13,3.91,7.36
"PL435","PancrasLock","1",0.379056945040719,0.0201523201126209,NA,NA,NA,10.8716192434993,10.7,1.52,0.0266,0.33,0.00757,0.0595,55.28,7.2,5.64
"PL436","PancrasLock","1",0.384200727988112,-0.011615666796488,NA,NA,NA,9.46725813888962,9.32,1.44,0.0264,0.32,0.00465,0.086,52.69,4.41999999999999,8.46
"PL437","PancrasLock","1",0.120253948207692,0.204329504266879,NA,NA,NA,41.3051654700311,33.8,2.29,0.0359,0.39,0.0122,0.385,67.7,15.26,7.81999999999999
"PL438","PancrasLock","1",0.131959573567851,0.34280809632627,NA,NA,NA,27.8258267449492,27.2,1.31,0.0615,0.38,0.00665,0.23,68.07,18.42,8.55000000000001
"PL439","PancrasLock","1",0.15340311792296,0.315768603887187,NA,NA,NA,23.1366700946961,22.4,1.21,0.0796,0.459,0.0114,0.224,66.35,12.07,8.2
"RF301","RegentsParkFields","1",0.552318398758554,-0.158303788530505,NA,NA,NA,7.24967909144875,7.12,1.63,0.0204,0.454,0.0152,0.259,47.21,7.35,17.84
"RF302","RegentsParkFields","1",0.673376077250004,-0.0760266330410802,NA,NA,NA,7.78724401893103,7.64,1.71,0.0211,0.557,0.0182,0.384,51,10.93,9.87
"RF304","RegentsParkFields","1",0.52523863370812,-0.149360765589489,NA,NA,NA,6.04937377521438,5.93,1.45,0.0221,0.469,0.0139,0.147,47.16,5.21,16.16
"RF305","RegentsParkFields","1",0.373938321428082,-0.118557175826223,NA,NA,NA,9.0747778371142,8.92,1.51,0.0221,0.524,0.0146,0.142,49.22,5.08,23.49
"RF306","RegentsParkFields","1",0.60379606035601,0.0172923211634432,NA,NA,NA,10.2893490688443,10,1.46,0.0249,0.578,0.046,0.248,56.72,11.49,6.91
"RF307","RegentsParkFields","1",0.39979143949831,-0.11305136165164,NA,NA,NA,6.57965587025318,6.46,1.29,0.022,0.376,0.0118,0.113,47.89,2.15000000000001,18.34
"RF308","RegentsParkFields","1",0.420776090727994,-0.0369604033933295,NA,NA,NA,10.1735747263613,10,1.29,0.0242,0.505,0.0137,0.185,51.15,8.83,24.46
"RF309","RegentsParkFields","1",0.317819447034804,-0.0880289818339979,NA,NA,NA,8.52508361535976,8.34,1.29,0.0235,0.382,0.0242,0.121,49.88,4.5,26.28
"RF310","RegentsParkFields","1",0.26022200172536,0.0411294022285455,NA,NA,NA,10.1401780386767,9.97,1.3,0.0271,0.398,0.00846,0.34,53.4,3.24,22.03
"RF311","RegentsParkFields","1",0.282123866342042,0.0870394630678088,NA,NA,NA,15.4287311292673,15.1,1.21,0.0359,0.422,0.0201,0.192,57.02,9.23,24.86
"RF312","RegentsParkFields","1",0.42507724008877,-0.115717317472317,NA,NA,NA,7.11883510114392,6.95,1.28,0.0236,0.502,0.0251,0.107,48.62,4.66,20.45
"RF313","RegentsParkFields","1",0.477046227725199,-0.116176267565631,NA,NA,NA,9.03798774445955,8.78,1.54,0.0289,0.647,0.037,0.104,51.38,7.31,16.75
"RF314","RegentsParkFields","1",0.663527065099758,-0.138195458157468,NA,NA,NA,9.42799749386785,9.09,1.64,0.037,0.714,0.0476,0.113,51.68,9.89,6.26
"RF315","RegentsParkFields","1",0.627995187058189,-0.107903411844845,NA,NA,NA,7.74565781496482,7.58,1.52,0.0233,0.574,0.0214,0.133,50.35,7.73999999999999,7.46
"RF316","RegentsParkFields","1",0.651690628960469,-0.10267313019597,NA,NA,NA,8.88143110065327,8.67,1.57,0.0223,0.527,0.0329,0.18,51.35,10.49,9.45
"RF317","RegentsParkFields","1",0.529396172787058,-0.169637880535456,NA,NA,NA,6.01210738063446,5.92,1.41,0.0217,0.428,0.00379,0.0481,46.03,3.94,14.63
"RF318","RegentsParkFields","1",0.509312993254159,-0.126682110717858,NA,NA,NA,7.28707590066278,7.16,1.42,0.0234,0.518,0.00963,0.136,47.86,5.72,16.79
"RF319","RegentsParkFields","1",0.503633160183793,-0.0146834987542625,NA,NA,NA,7.53404435161883,7.39,1.04,0.0286,0.362,0.00685,0.122,50.44,4.12,9.72
"RF320","RegentsParkFields","1",0.367770916453193,-0.106530458960546,NA,NA,NA,8.90780957999717,8.77,1.5,0.0248,0.483,0.00575,0.0316,50.09,3.48,19.24
"RF321","RegentsParkFields","1",0.423649770872942,-0.0734382264748424,NA,NA,NA,11.5785330289254,11.4,1.61,0.0275,0.392,0.00629,0.0383,52.53,6.45,15.9
"RF322","RegentsParkFields","1",0.394845226923249,-0.136791822287586,NA,NA,NA,7.88504373685179,7.76,1.42,0.0232,0.496,0.00714,0.0641,47.81,4.45,23.18
"RF323","RegentsParkFields","1",0.416588721028429,-0.0958706385762745,NA,NA,NA,8.44052070282007,8.27,1.3,0.0249,0.479,0.0177,0.0749,49.53,5.43,20.68
"RF324","RegentsParkFields","1",0.57634700170722,-0.0836936143336937,NA,NA,NA,13.260629016039,13.1,1.69,0.023,0.319,0.00485,0.0715,52.25,10.05,10.52
"RF325","RegentsParkFields","1",0.505798581242161,-0.154246599533213,NA,NA,NA,6.14980873630508,6.03,1.43,0.0245,0.54,0.01,0.0414,47.41,3.89,14.38
"RF326","RegentsParkFields","1",0.495121597910287,-0.148143983805357,NA,NA,NA,6.01426179102354,5.92,1.34,0.023,0.365,0.00269,0.0559,46.42,1.9,12.33
"RF327","RegentsParkFields","1",0.569921891985537,-0.00351722913006295,NA,NA,NA,13.2729568337884,13.1,1.47,0.0255,0.363,0.00412,0.158,53.75,10.43,9.71
"RF328","RegentsParkFields","1",0.502513973470009,-0.151006606717623,NA,NA,NA,6.37262799311725,6.24,1.4,0.0248,0.515,0.0135,0.0749,47.29,3.29,13.33
"RF329","RegentsParkFields","1",0.566555828142965,-0.13730297290342,NA,NA,NA,6.88200684559757,6.71,1.35,0.0245,0.582,0.0262,0.0729,48.45,6.56,13.3
"RF330","RegentsParkFields","1",0.525289002271404,-0.169216213843566,NA,NA,NA,5.4688130540715,5.38,1.28,0.0228,0.397,0.00291,0.0844,44.7,1.83,12.53
"RF331","RegentsParkFields","1",0.501546199258106,-0.133513159414939,NA,NA,NA,6.05484441987026,5.95,1.25,0.0243,0.505,0.00479,0.0747,46.44,2.43,12.93
"RF332","RegentsParkFields","1",0.549414973544512,-0.106046677085302,NA,NA,NA,7.65432890842464,7.49,1.28,0.0292,0.464,0.0125,0.102,48.3,4.59,10
"RF333","RegentsParkFields","1",0.616482157573612,-0.147683286770848,NA,NA,NA,8.36634082904036,8.17,1.55,0.0231,0.531,0.0292,0.149,49,7.01000000000001,8.34
"RF334","RegentsParkFields","1",0.50149177684795,-0.107948339502801,NA,NA,NA,8.99194270165875,8.81,1.38,0.0247,0.409,0.0195,0.158,48.95,5.64,14.53
"RF335","RegentsParkFields","1",0.414226998502479,-0.116187856787058,NA,NA,NA,6.3036687842119,6.18,1.26,0.0241,0.53,0.0114,0.0746,47.81,2.65000000000001,18.56
"RF336","RegentsParkFields","1",0.527457324544922,-0.125111976372223,NA,NA,NA,8.06080019036061,7.92,1.65,0.0263,0.447,0.0072,0.12,49.65,4.67,9.77
"RF337","RegentsParkFields","1",0.435185407568334,-0.135159906101831,NA,NA,NA,5.57715616631319,5.48,1.16,0.0229,0.365,0.0058,0.0801,45.7,1.74,18.33
"RF338","RegentsParkFields","1",0.504788883653543,-0.144699590428034,NA,NA,NA,6.10269464667513,5.99,1.32,0.0236,0.534,0.00875,0.103,46.44,2.72,13.28
"RF339","RegentsParkFields","1",0.430194160673897,-0.081173685030169,NA,NA,NA,10.0765655810255,9.89,1.38,0.0256,0.492,0.0157,0.0966,50.54,8.04000000000001,22.85
"RF340","RegentsParkFields","1",0.336773628415563,-0.00586757833105448,NA,NA,NA,11.003954644437,10.8,1.23,0.03,0.655,0.0111,0.079,52.96,7.15,24.5
"RF341","RegentsParkFields","1",0.468882918219276,-0.111136602233005,NA,NA,NA,5.9751815425053,5.87,1.13,0.0244,0.382,0.00511,0.0591,46.79,1.94,14.1
"RF342","RegentsParkFields","1",0.471070712280649,-0.0871946528287977,NA,NA,NA,8.0415366692625,7.87,1.36,0.0261,0.455,0.0179,0.148,49.8,6.16999999999999,17.66
"RF343","RegentsParkFields","1",0.586244523307225,-0.0741847875533459,NA,NA,NA,8.10050783639196,7.93,1.3,0.0243,0.457,0.02,0.184,49.82,8.01000000000001,12.1
"RF344","RegentsParkFields","1",0.684161571556807,-0.031136755767901,NA,NA,NA,9.9857065090897,9.81,1.45,0.0232,0.453,0.0164,0.229,52.45,11.18,5.94
"RP301","RegentsParkJapan","1",0.741702924776398,-0.0821766163308101,NA,NA,NA,7.64652582902469,7.52,1.76,0.0212,0.477,0.0107,0.147,48.91,5.86,8.47000000000001
"RP302","RegentsParkJapan","1",0.70996163469502,-0.017931383731977,NA,NA,NA,9.49016168534216,9.15,1.85,0.0227,0.583,0.0183,0.249,52.39,7.05,6.97
"RP303","RegentsParkJapan","1",0.747814614203577,-0.0393020579144214,NA,NA,NA,9.70886180100327,9.23,1.9,0.0222,0.624,0.0206,0.175,52.5,9.33,5.14
"RP304","RegentsParkJapan","1",0.761727928329573,-0.106982943152196,NA,NA,NA,9.17516677646634,8.49,2,0.0203,0.484,0.0116,0.105,49.92,8.63,7.25
"RP305","RegentsParkJapan","1",0.541278290965429,-0.0877278556625316,NA,NA,NA,12.0123756134556,10.7,2.12,0.0234,0.343,0.00939,0.0544,52.06,3.39,19.42
"RP306","RegentsParkJapan","1",0.570463422200695,-0.0629498007808288,NA,NA,NA,16.8054597198544,12.9,2.64,0.0207,0.298,0.00274,0.0552,56.76,1.06,9.02
"RP307","RegentsParkJapan","1",0.562906876651777,-0.0342710278958202,NA,NA,NA,20.7772740429966,15.3,2.77,0.0225,0.307,0.0067,0.0527,59.44,2.19,6.82000000000001
"RP308","RegentsParkJapan","1",0.532244166951348,0.00887873705033809,NA,NA,NA,24.1471762253608,17.1,2.9,0.0234,0.291,0.00282,0.103,61.86,0.560000000000002,5.09
"RP309","RegentsParkJapan","1",0.501513159489374,0.0475752450445357,NA,NA,NA,34.1716902572211,22,3.22,0.0273,0.323,0.00379,0.0841,66.41,0.600000000000009,1.93000000000001
"RP310","RegentsParkJapan","1",0.463603872776002,0.0483465353609192,NA,NA,NA,51.6817845252373,28.8,3.75,0.0318,0.335,0.00505,0.0837,70.54,0.579999999999998,0.61999999999999
"RP311","RegentsParkJapan","1",0.45812164257164,0.0560887914243889,NA,NA,NA,51.1879332876465,28.9,3.69,0.0307,0.335,0.00384,0.0752,70.46,0.469999999999999,1.08000000000001
"RP312","RegentsParkJapan","1",0.504948729037041,0.0909954392627821,NA,NA,NA,28.4557791129641,20.9,2.72,0.0284,0.296,0.00456,0.123,64.49,1.05,4.23
"RP313","RegentsParkJapan","1",0.530048236865812,0.110500519701452,NA,NA,NA,15.8553304284976,14.9,1.93,0.0257,0.261,0.00464,0.255,58.36,2.75,11.07
"RP314","RegentsParkJapan","1",0.465847725670706,0.0312530103819533,NA,NA,NA,14.0261942515595,13.6,1.83,0.0262,0.326,0.0099,0.0841,55.51,3.37,20.85
"RP315","RegentsParkJapan","1",0.462801266595678,-0.0165914961958824,NA,NA,NA,15.1336037275375,13.5,2.1,0.0262,0.322,0.0121,0.063,55.52,3,20.95
"RP316","RegentsParkJapan","1",0.507449389537154,-0.0273416289967443,NA,NA,NA,16.5584343913074,13.5,2.41,0.0226,0.329,0.00547,0.0245,57.22,0.880000000000003,13.48
"RP317","RegentsParkJapan","1",0.425315487534896,0.129055066314595,NA,NA,NA,54.0803994990736,32,3.45,0.0373,0.376,0.00585,0.0242,72.81,0.599999999999994,0.730000000000004
"RP318","RegentsParkJapan","1",0.458875566320747,0.0541444612172757,NA,NA,NA,46.2896918535935,27.3,3.52,0.0328,0.355,0.00452,0.0219,69.58,0.510000000000005,1.89
"RP319","RegentsParkJapan","1",0.477758940892626,0.0585976985907535,NA,NA,NA,43.4023202667704,26,3.47,0.0315,0.353,0.00396,0.0224,69.38,0.490000000000009,0.329999999999998
"RP320","RegentsParkJapan","1",0.497862796657829,-0.00734509290010616,NA,NA,NA,31.71274142668,20.2,3.29,0.0267,0.339,0.00729,0.031,64.92,0.5,4.13
"RP321","RegentsParkJapan","1",0.548986523568408,-0.0275361923476042,NA,NA,NA,23.2103016201,16.2,2.97,0.0243,0.331,0.00372,0.0462,61.14,0.670000000000002,4.73
"RP322","RegentsParkJapan","1",0.616246378225865,-0.0674273960901321,NA,NA,NA,14.7761651656336,11.6,2.57,0.0216,0.304,0.00295,0.0241,56.29,0.589999999999996,5.39
"RP323","RegentsParkJapan","1",0.622116340249025,-0.112613026648218,NA,NA,NA,10.7818204683801,9.09,2.33,0.0199,0.31,0.00405,0.0316,52.26,0.640000000000001,10.47
"RP324","RegentsParkJapan","1",0.670024303581019,-0.133837236195535,NA,NA,NA,9.79955940143314,8.39,2.28,0.0195,0.309,0.00366,0.109,50.15,0.900000000000006,9.63
"RP325","RegentsParkJapan","1",0.659091575190713,-0.10038089804807,NA,NA,NA,9.08193996059241,8.22,2.08,0.02,0.333,0.00577,0.104,50.47,2.64,11.14
"RP326","RegentsParkJapan","1",0.699127985318123,-0.14443358846777,NA,NA,NA,8.6344326844888,7.55,2.21,0.0178,0.347,0.00538,0.0942,49.34,2.85,9.54
"RP327","RegentsParkJapan","1",0.727328471272742,-0.134965116796664,NA,NA,NA,9.68336803500235,8.38,2.24,0.0181,0.437,0.011,0.122,50.17,5.78,7.96
"RP328","RegentsParkJapan","1",0.719729599322516,-0.153464392048351,NA,NA,NA,8.41437751391753,7.46,2.16,0.0179,0.349,0.00546,0.091,48.55,3,9.05
"RP329","RegentsParkJapan","1",0.663974496863384,-0.110023205950126,NA,NA,NA,10.2242704551228,8.84,2.24,0.0181,0.292,0.0033,0.118,50.92,1.48999999999999,9.43
"RP330","RegentsParkJapan","1",0.63086328313136,-0.0747527953219828,NA,NA,NA,16.2674899803776,12.2,2.74,0.0207,0.32,0.00297,0.0774,56.76,1.14,3.97
"RP331","RegentsParkJapan","1",0.550376620257418,-0.0354892550235315,NA,NA,NA,23.0203998476989,16,2.99,0.0232,0.316,0.00279,0.0295,60.98,0.530000000000001,4.74
"RP332","RegentsParkJapan","1",0.434496238110624,0.0158773227545333,NA,NA,NA,31.9742230064857,21.3,3.09,0.0267,0.352,0.00442,0.0265,64.4,0.660000000000011,10.32
"RP333","RegentsParkJapan","1",0.482864919310283,0.0445648972947644,NA,NA,NA,41.9872946109021,25,3.51,0.03,0.364,0.00389,0.029,68.93,0.530000000000001,0.459999999999994
"RP334","RegentsParkJapan","1",0.590199299108893,-0.0564980851019516,NA,NA,NA,18.597150233799,13.6,2.82,0.0231,0.313,0.00318,0.0209,58.76,0.670000000000002,4.35
"RP335","RegentsParkJapan","1",0.581584884227596,-0.073450043355816,NA,NA,NA,16.3405391568446,12.4,2.69,0.0227,0.465,0.0206,0.0915,57.5,5.51,9.84999999999999
"RS401","RussellSq","1",0.535399819835862,-0.0502965762084265,NA,NA,NA,8.61753744219486,8.49,1.34,0.0247,0.385,0.00348,0.0662,51.22,5.13,11.09
"RS402","RussellSq","1",0.425792303743243,0.0736908077807775,NA,NA,NA,12.3573556770421,12.2,1.36,0.0251,0.336,0.00258,0.387,54.68,5.85,16.23
"RS403","RussellSq","1",0.345737967517448,0.215176345482067,NA,NA,NA,28.2047558367112,27.7,1.64,0.0432,0.382,0.0141,0.365,64.72,10.01,11.76
"RS404","RussellSq","1",0.489637595998744,0.00122460786374845,NA,NA,NA,10.1721440887212,9.99,1.47,0.0242,0.399,0.0162,0.429,52.49,2.88,15.45
"RS405","RussellSq","1",0.334540292997924,0.182336825005664,NA,NA,NA,19.1740501488002,18.7,1.43,0.0518,0.459,0.0161,0.4,61.35,11.02,13.02
"RS406","RussellSq","1",0.399202093952424,0.0714764308139656,NA,NA,NA,14.9744862638861,14.7,1.6,0.0307,0.421,0.0167,0.377,57.41,6.5,15.07
"RS407","RussellSq","1",0.470469815703264,-0.0519686015360531,NA,NA,NA,9.85303494050581,9.65,1.54,0.0237,0.424,0.0242,0.305,51.99,2.62,17.85
"RS408","RussellSq","1",0.473296548236963,0.0253599348957031,NA,NA,NA,13.3916631053618,13.1,1.64,0.0287,0.44,0.0284,0.261,57.21,2.51,11.56
"RS409","RussellSq","1",0.497672242095966,-0.00156380106502463,NA,NA,NA,10.4704967627693,10.3,1.45,0.0261,0.374,0.0091,0.259,53.18,3.25,13.61
"RS410","RussellSq","1",0.416723725957886,0.0572033786132974,NA,NA,NA,12.7965611254676,12.6,1.33,0.03,0.342,0.00429,0.117,56.06,5.74,15.24
"RS411","RussellSq","1",0.450539417421894,0.0012627557905377,NA,NA,NA,10.3505315086602,10.2,1.37,0.0256,0.369,0.00445,0.194,52.96,3.62,17.54
"RS412","RussellSq","1",0.484764071145718,0.00128774592741354,NA,NA,NA,11.4654135808252,11.3,1.46,0.0271,0.362,0.00363,0.0589,54.74,3.98999999999999,12.26
"RS413","RussellSq","1",0.467082763905057,0.0212074536401373,NA,NA,NA,11.6701463931822,11.5,1.48,0.0259,0.403,0.00622,0.234,54.55,5.27,13.12
"RS414","RussellSq","1",0.547100170454917,-0.0663022034911721,NA,NA,NA,9.45287313231961,9.31,1.54,0.0231,0.44,0.00831,0.178,51.31,2.04,12.71
"RS415","RussellSq","1",0.443631321161719,0.0501228617647117,NA,NA,NA,12.8094020024001,12.6,1.49,0.0303,0.377,0.00706,0.148,56.84,4.56,12.76
"RS416","RussellSq","1",0.478511090362283,0.0362139195555605,NA,NA,NA,12.1298170769528,11.9,1.46,0.0341,0.466,0.00849,0.132,56.16,4.22000000000001,10.81
"RS417","RussellSq","1",0.429696350105837,0.0195402485498796,NA,NA,NA,11.5874333923783,11.4,1.4,0.0291,0.473,0.00626,0.1,55.01,3.54,16.87
"RS418","RussellSq","1",0.368340821935946,0.052826716160035,NA,NA,NA,12.9040668185043,12.7,1.26,0.0295,0.358,0.00668,0.148,55.21,5.75,20.57
"RS419","RussellSq","1",0.445431956145678,0.108821582932393,NA,NA,NA,12.4819477680947,12.3,1.27,0.0286,0.32,0.00339,0.384,55.81,3.92,14.47
"RS420","RussellSq","1",0.486633516966106,-0.0202239213276735,NA,NA,NA,11.3521974045877,11.2,1.54,0.0235,0.39,0.00571,0.276,52.57,7.36,12.64
"RS421","RussellSq","1",0.443451666887979,0.0793026599550796,NA,NA,NA,13.2999800634244,13.1,1.48,0.028,0.336,0.00699,0.355,56.43,6.84,11.83
"RS422","RussellSq","1",0.441601019326875,0.0510317875375007,NA,NA,NA,13.5988258079616,13.4,1.41,0.0269,0.406,0.0077,0.0886,56.83,6.51000000000001,11.78
"RS423","RussellSq","1",0.474764111832641,0.0110026787967944,NA,NA,NA,11.1622866531811,11,1.46,0.0272,0.339,0.00335,0.128,54.61,4.69,12.62
"RS424","RussellSq","1",0.488063406510101,-0.0137010275402459,NA,NA,NA,10.1434074389197,10,1.42,0.0254,0.32,0.00321,0.0661,53.61,7.77,10.17
"RS425","RussellSq","1",0.56718432729045,-0.075162285196848,NA,NA,NA,7.95711591924443,7.84,1.37,0.0232,0.364,0.00424,0.07,50.24,4.72000000000001,9.9
"RS426","RussellSq","1",0.4727790867151,0.02547519917623,NA,NA,NA,12.5857961921988,12.4,1.4,0.0278,0.366,0.00534,0.0521,55.65,9.33000000000001,8.3
"RS427","RussellSq","1",0.493935732090231,-0.0180757606419865,NA,NA,NA,11.3679893716164,11.2,1.6,0.0263,0.404,0.00576,0.0877,54.74,4.98,10.69
"RS428","RussellSq","1",0.45582119605713,0.0379465805240425,NA,NA,NA,13.0926419619405,12.9,1.54,0.0291,0.362,0.00398,0.105,56.78,5.91,10.91
"RS429","RussellSq","1",0.541767761874729,-0.0467490011274855,NA,NA,NA,8.30385616739431,8.17,1.38,0.0254,0.351,0.00543,0.108,51.47,3.06,11.65
"RS430","RussellSq","1",0.483500878177771,-0.0325154322486209,NA,NA,NA,11.0597547649841,10.9,1.52,0.0251,0.465,0.00605,0.142,52.98,9.49,10.54
"RS431","RussellSq","1",0.49766548426946,-0.0445310251584906,NA,NA,NA,11.1577654168637,11,1.63,0.0248,0.488,0.00572,0.137,53.24,7.17,10.8
"RS432","RussellSq","1",0.422140510794241,0.0449113314410657,NA,NA,NA,14.3156170948002,14.1,1.67,0.0283,0.375,0.00809,0.174,57.79,7.82,11.3
"RS433","RussellSq","1",0.50004921134806,-0.0303328089034588,NA,NA,NA,9.84400870114745,9.69,1.47,0.0249,0.454,0.00786,0.135,52.89,7.58,10.24
"RS434","RussellSq","1",0.457559243230835,0.0723371014249862,NA,NA,NA,12.8032208349326,12.6,1.48,0.0303,0.389,0.00551,0.0725,58.4,5.82,8.34
"RS435","RussellSq","1",0.527493061635093,-0.0649333015317776,NA,NA,NA,8.99112005252561,8.82,1.43,0.0265,0.457,0.0134,0.0849,51.68,5.49,10.96
"RS436","RussellSq","1",0.452596604942156,0.0685693299745084,NA,NA,NA,15.2355941483386,15,1.53,0.0328,0.398,0.00401,0.0798,58.43,7.06,8.79
"RS437","RussellSq","1",0.521013370618299,-0.0885273801326553,NA,NA,NA,8.27471475407716,8.13,1.48,0.0226,0.509,0.0133,0.182,50.06,6.09999999999999,13.1
"RS438","RussellSq","1",0.460186390881144,0.0808884573391097,NA,NA,NA,15.2234181681106,15,1.53,0.0305,0.314,0.00471,0.154,58.45,4.85,9.81999999999999
"RS439","RussellSq","1",0.4817173982836,-0.0151895644660299,NA,NA,NA,11.3806601028089,11.2,1.42,0.0262,0.393,0.00932,0.104,53.62,5.34,13.08
"RS440","RussellSq","1",0.42328288896263,0.0309075616542059,NA,NA,NA,13.6197221727942,13.4,1.54,0.0274,0.371,0.012,0.141,56.66,11.53,9.71000000000001
"SM401","SanMarco","1",0.434916317220049,0.0504406062205993,NA,NA,NA,6.29128816644561,6.17,0.92,0.0272,0.323,0.00588,0.14,48.05,2.11,17.39
"SM402","SanMarco","1",0.382394708149359,0.117078217481752,NA,NA,NA,7.75153370176301,7.61,0.939,0.0287,0.316,0.00498,0.17,51.16,2.04,16.78
"SM403","SanMarco","1",0.454475069724046,0.0323527825891941,NA,NA,NA,7.05110053614596,6.93,1.13,0.0264,0.332,0.00387,0.084,49.09,2.02,13.94
"SM404","SanMarco","1",0.384228130826064,0.0337258784759957,NA,NA,NA,7.93173988765179,7.79,1.11,0.0266,0.383,0.00753,0.0688,49.38,3.73,20.95
"SM405","SanMarco","1",0.487489959573939,0.0156476634925928,NA,NA,NA,6.82244013899306,6.7,1.16,0.0255,0.399,0.0066,0.0624,48.86,4.41,14.07
"SM406","SanMarco","1",0.394311787725158,-0.015976972873528,NA,NA,NA,7.56491816613863,7.44,1.25,0.0244,0.459,0.00637,0.0269,48.27,4.04,22.15
"SM407","SanMarco","1",0.430709853510852,-0.0344347292505386,NA,NA,NA,7.21357465508421,7.1,1.3,0.0223,0.454,0.00673,0.06,47.48,3.98999999999999,20.3
"SM408","SanMarco","1",0.40188581897316,-0.00900718668325255,NA,NA,NA,7.32744436937877,7.2,1.16,0.0244,0.41,0.00811,0.035,47.98,5.56,23.59
"SM409","SanMarco","1",0.471215635078351,-0.0209347673935496,NA,NA,NA,6.17914412506225,6.07,1.09,0.0238,0.385,0.00672,0.0562,46.59,3.26,17.72
"SM410","SanMarco","1",0.381297925784456,0.0311511289508876,NA,NA,NA,8.72579850165597,8.56,1.22,0.0291,0.488,0.00878,0.106,49.85,5.51,22.16
"SM411","SanMarco","1",0.412340770774387,0.0526849916456976,NA,NA,NA,6.89218966235226,6.77,0.975,0.027,0.313,0.00398,0.0685,49.06,2.46,18.01
"SM412","SanMarco","1",0.385296767905789,0.20388135672533,NA,NA,NA,11.777226399061,11.3,1.19,0.0828,0.322,0.00355,0.377,55.47,7.6,14.99
"SM413","SanMarco","1",0.455951250491427,0.179703124204494,NA,NA,NA,14.5324195667361,14.3,1.13,0.0333,0.356,0.00407,0.0877,56.33,11.34,11.01
"SM414","SanMarco","1",0.409349692706863,0.046031371941803,NA,NA,NA,7.45251471548715,7.32,1.06,0.0277,0.407,0.00448,0.0823,49.29,2.73,18.06
"SM415","SanMarco","1",0.510871490649415,-0.00502227643735335,NA,NA,NA,7.0267269899549,6.89,1.04,0.0239,0.447,0.0134,0.0563,47.44,6.01,15.81
"SM416","SanMarco","1",0.433918375434277,-0.0183407945083445,NA,NA,NA,5.88181242953173,5.78,1.06,0.0237,0.426,0.0052,0.0515,46.43,2.09,19.93
"SM417","SanMarco","1",0.492983068614365,0.0160366459537527,NA,NA,NA,6.65242142205275,6.53,1.04,0.0258,0.346,0.00684,0.0833,47.81,4.83,15.63
"SM418","SanMarco","1",0.473347403588389,0.409268203621698,NA,NA,NA,15.8562808723776,15.5,1.19,0.0398,0.252,0.0192,1.02,61.14,16.05,7.09
"SM419","SanMarco","1",0.51897777785094,-0.0697706156096359,NA,NA,NA,6.05057335717913,5.95,1.17,0.0214,0.343,0.00746,0.0677,44.74,4.5,17.76
"SM420","SanMarco","1",0.569299879755834,0.343698238422512,NA,NA,NA,12.1270353661155,11.8,1.15,0.049,0.208,0.0118,0.955,57.67,16.28,5.35
"SM501","SanMarco","1",0.581580148449422,-0.0195286704364808,NA,NA,NA,6.50420608983079,6.39,1.23,0.024,0.351,0.00704,0.0525,47.77,3.83,7.27
"SM502","SanMarco","1",0.616541915584923,-0.0292238436973887,NA,NA,NA,5.96143397349244,5.85,1.17,0.0236,0.35,0.00888,0.089,46.65,4.84,7.18
"SM503","SanMarco","1",0.616553022840385,-0.047707115722274,NA,NA,NA,5.89739668687941,5.73,1.22,0.0349,0.502,0.015,0.0884,46.53,5.70999999999999,8.28
"SM504","SanMarco","1",0.485947523799931,-0.0300296785956081,NA,NA,NA,8.49409410746607,8.36,1.54,0.0236,0.379,0.00761,0.0798,49.4,7.69,16.4
"SM505","SanMarco","1",0.449298857350504,0.0367708320190953,NA,NA,NA,6.83363420473089,6.72,1.06,0.0254,0.305,0.00345,0.104,48.58,3.46,16.68
"SM506","SanMarco","1",0.406156873082164,0.0719978846819674,NA,NA,NA,7.22883854601141,7.1,1,0.0278,0.419,0.00388,0.172,49.31,2.37,17.98
"SM507","SanMarco","1",0.502758205652578,-0.0306764097281815,NA,NA,NA,5.67026078924071,5.57,1.09,0.0238,0.409,0.00533,0.118,45.49,3.64,17.22
"SM508","SanMarco","1",0.496132543227853,-0.0373578785818245,NA,NA,NA,6.1883295217259,6.07,1.15,0.0245,0.362,0.00924,0.0424,46.52,4.49,17.02
"SM509","SanMarco","1",0.537575146497151,-0.0330781446089019,NA,NA,NA,5.72379704447633,5.62,1.12,0.0228,0.353,0.00805,0.0828,46.08,4.55,14.38
"SM510","SanMarco","1",0.562737899252039,-0.0428187415424906,NA,NA,NA,5.05993665958757,4.97,1.04,0.0228,0.337,0.00521,0.107,44.6,3.8,13.83
"SM511","SanMarco","1",0.490397470763497,0.0232104597036101,NA,NA,NA,6.92331301800066,6.8,1.18,0.0254,0.349,0.00667,0.136,48.76,3.13,12.61
"SM512","SanMarco","1",0.626257948286295,-0.0247446448224871,NA,NA,NA,6.12261334367858,6.01,1.1,0.0241,0.356,0.00788,0.106,46.13,7.85,10.23
"SM513","SanMarco","1",0.545572995286692,-0.0559903278034294,NA,NA,NA,5.50018834811165,5.4,1.19,0.0234,0.385,0.00667,0.0463,45.7,5.11000000000001,14.91
"SM514","SanMarco","1",0.632157166586148,0.0248888724787884,NA,NA,NA,6.80422669736953,6.67,1.13,0.0258,0.327,0.0106,0.111,48.94,8.15,5.76000000000001
"SM515","SanMarco","1",0.518900442963839,0.0112651475852669,NA,NA,NA,6.38470547547061,6.26,0.985,0.026,0.362,0.00858,0.105,47.09,8.32,18.23
"SM516","SanMarco","1",0.557231161117386,-0.0320637793959297,NA,NA,NA,5.49355913273222,5.38,1.02,0.0237,0.381,0.0119,0.111,45.39,7.81,17.21
"SM517","SanMarco","1",0.562632603893425,-0.0409197137428784,NA,NA,NA,5.83892950618459,5.72,1.16,0.0228,0.464,0.0137,0.151,45.79,7.97,16.25
"SM518","SanMarco","1",0.537813967764144,-0.0082226021258978,NA,NA,NA,5.54144771373315,5.43,1.02,0.0243,0.356,0.00986,0.112,46.42,7.03,16.5
"SM519","SanMarco","1",0.590782226477222,-0.0840278545906766,NA,NA,NA,4.33547958832129,4.26,0.956,0.0215,0.358,0.00403,0.0586,42.27,4.88,16.21
"SM520","SanMarco","1",0.510569937103381,-0.00718681015617932,NA,NA,NA,5.68322801695493,5.59,0.903,0.0226,0.337,0.00417,0.168,44.73,5.77,19.9
"SC201","StPaulsCross","1",0.413221797126545,0.0352456492341119,NA,NA,NA,9.62630259139244,9.47,1.38,0.0281,0.429,0.00437,0.171,52.39,3.71,12.55
"SC202","StPaulsCross","1",0.398634369986946,0.0530821005926347,NA,NA,NA,10.16066076672,10,1.33,0.0285,0.512,0.00353,0.113,53.33,3.34,12.87
"SC203","StPaulsCross","1",0.398041513743502,0.0761816135605965,NA,NA,NA,10.9814869135525,10.8,1.37,0.0291,0.362,0.00627,0.0723,55.3,4.12,9.66
"SC204","StPaulsCross","1",0.41119207778093,0.0693316615389951,NA,NA,NA,10.5765349295161,10.4,1.38,0.028,0.366,0.00767,0.165,54.34,4.93,9.16999999999999
"SC205","StPaulsCross","1",0.324068722244718,0.168635002852563,NA,NA,NA,15.5417256810129,15.3,1.43,0.0327,0.333,0.0049,0.189,59.22,5.42,10.51
"SC206","StPaulsCross","1",0.363411763911794,0.0259198244618778,NA,NA,NA,12.7105861178154,12.5,1.74,0.0305,0.944,0.00731,0.105,55.41,4.11,12.96
"SC207","StPaulsCross","1",0.313624944420523,0.125597362135956,NA,NA,NA,15.7201355200052,15.5,1.52,0.0292,0.352,0.00495,0.132,58.27,8.31,10.46
"SC208","StPaulsCross","1",0.432682509847102,0.0484729178365703,NA,NA,NA,10.7796066587911,10.6,1.4,0.0276,0.408,0.00856,0.122,53.89,3.56,9.22
"SC209","StPaulsCross","1",0.331279071755757,0.10738380271455,NA,NA,NA,13.4174205384994,13.2,1.47,0.0305,0.357,0.00727,0.146,57.03,6.37,11.65
"SC210","StPaulsCross","1",0.363873209026679,0.0748025389304642,NA,NA,NA,13.1876853862946,13,1.48,0.0284,0.356,0.00359,0.108,55.58,6.92,10.52
"SC211","StPaulsCross","1",0.205100978714959,0.277078428159691,NA,NA,NA,23.5869860043072,23.2,1.4,0.0411,0.319,0.00563,0.33,63.18,12.04,11.82
"SC212","StPaulsCross","1",0.361997673986911,0.098546770067545,NA,NA,NA,12.5062389153582,12.3,1.38,0.0305,0.359,0.00672,0.0954,56.31,5.25,10.76
"SC213","StPaulsCross","1",0.347871228596464,0.0876378805745214,NA,NA,NA,16.0142316239059,15.8,1.62,0.0279,0.412,0.00505,0.103,57.41,7.04,9.99000000000001
"SC214","StPaulsCross","1",0.383261833509166,0.0570136817814092,NA,NA,NA,13.1057867525411,12.9,1.52,0.0282,0.383,0.00858,0.0504,55.83,6.61,8.76000000000001
"SC215","StPaulsCross","1",0.410730330441039,0.0420277148046647,NA,NA,NA,11.461416459518,11.3,1.48,0.0268,0.356,0.00301,0.0561,54.37,4.88,9.49
"SC216","StPaulsCross","1",0.354274499170526,0.0940228021333171,NA,NA,NA,13.1068787812986,12.9,1.49,0.031,0.389,0.00465,0.0486,57.18,7.67,8.34
"SC217","StPaulsCross","1",0.411525612939772,0.00659167016404042,NA,NA,NA,8.77204648307068,8.63,1.39,0.0269,0.361,0.00435,0.0659,51.95,2.81,13.8
"SC218","StPaulsCross","1",0.330816247583126,0.114777999662579,NA,NA,NA,13.697179348072,13.5,1.44,0.0293,0.322,0.00349,0.0764,57.51,8.9,9.00000000000001
"SC219","StPaulsCross","1",0.36892006827438,0.093806606019922,NA,NA,NA,12.9920666153902,12.8,1.46,0.0295,0.33,0.00346,0.09,56.51,6.23,9.24
"SC220","StPaulsCross","1",0.356809457305806,0.0880798914097324,NA,NA,NA,12.68462996986,12.5,1.38,0.0291,0.353,0.00287,0.0694,55.76,7.89,9.89000000000001
"SC221","StPaulsCross","1",0.424919137314658,0.0405863146295672,NA,NA,NA,9.6352306432901,9.49,1.33,0.0267,0.324,0.00312,0.0377,53.33,3.44,10.42
"SC222","StPaulsCross","1",0.344676844386772,0.159561759571516,NA,NA,NA,18.5100243285218,18.2,1.45,0.0388,0.318,0.00415,0.0993,59.64,8.46,6.63
"SC223","StPaulsCross","1",0.428032445084902,0.0573089507049202,NA,NA,NA,10.5402469965513,10.4,1.64,0.0239,0.301,0.00361,0.273,54.52,1.72,10.12
"SC224","StPaulsCross","1",0.227682349719049,0.150567121108382,NA,NA,NA,17.2942516580536,17,1.53,0.0341,0.356,0.0105,0.108,60.15,5.72,17.53
"SC225","StPaulsCross","1",0.268950343455908,0.101600959036948,NA,NA,NA,14.1351798757944,13.9,1.45,0.0307,0.356,0.00955,0.142,56.78,6.53,17.33
"SC226","StPaulsCross","1",0.287701928132118,0.0862852359839502,NA,NA,NA,13.0121951644774,12.8,1.41,0.0314,0.318,0.00561,0.0894,55.91,4.28,18.52
"SC227","StPaulsCross","1",0.296352355676427,0.145050597940351,NA,NA,NA,17.7831443297745,17.5,1.56,0.0328,0.35,0.0091,0.141,59.73,8.36,10.39
"SR201","StPaulsRow","1",0.281329813692266,0.112712196593995,NA,NA,NA,15.2209386957733,15,1.44,0.0306,0.342,0.004,0.202,58.51,6.41,7.17000000000001
"SR202","StPaulsRow","1",0.196998293165302,0.150603344953386,NA,NA,NA,19.1838100475003,18.9,1.6,0.0347,0.314,0.00375,0.196,61.62,7.25000000000001,9.47000000000001
"SR203","StPaulsRow","1",0.314351667214664,0.134959224279959,NA,NA,NA,11.3856020595497,11.2,1.29,0.0296,0.401,0.00555,0.41,56.8,4.61,7.03
"SR204","StPaulsRow","1",0.223262755653609,0.156689130776921,NA,NA,NA,19.4853235500389,19.2,1.61,0.0343,0.316,0.00412,0.114,62.72,9.52,5.82000000000001
"SR205","StPaulsRow","1",0.250834191013912,0.137786965740439,NA,NA,NA,16.5379604821995,16.3,1.42,0.0318,0.302,0.00343,0.109,60.35,9.87,7.21
"SR206","StPaulsRow","1",0.251564272780402,0.0750567129420518,NA,NA,NA,19.0570355338749,17.4,2.01,0.0343,0.624,0.0144,0.151,62.09,5.65,4.09999999999999
"SR207","StPaulsRow","1",0.171942125513868,0.131721337003085,NA,NA,NA,38.5680076880904,29.4,2.53,0.0376,0.804,0.0372,0.439,67.87,15.43,1.73999999999999
"SR208","StPaulsRow","1",0.234977439497418,0.123276426159958,NA,NA,NA,14.4373554763085,14.2,1.52,0.0336,0.503,0.005,0.16,60.06,7.52,8.92
"SR209","StPaulsRow","1",0.219888192070693,0.129632916102396,NA,NA,NA,15.3582728682952,15.1,1.32,0.0335,0.389,0.00785,0.111,59.47,9.52,11.14
"SR210","StPaulsRow","1",0.241838309310764,0.119262143709917,NA,NA,NA,12.9138434341955,12.7,1.26,0.0308,0.319,0.00717,0.179,57.88,9.43,11.79
"SR211","StPaulsRow","1",0.211811175237122,0.155018772033158,NA,NA,NA,16.0882762853881,15.8,1.42,0.0362,0.433,0.00881,0.111,61.54,9.82,8.76
"SR212","StPaulsRow","1",0.181968872387996,0.347027676963656,NA,NA,NA,18.6119569465603,18.2,1.66,0.0447,0.466,0.0158,0.694,68.3,14.78,1.58
"SR213","StPaulsRow","1",0.163938742690207,0.476462333372023,NA,NA,NA,19.8094461518471,19.4,1.28,0.0401,0.468,0.0191,0.985,69.54,21.77,1.73999999999999
"SR214","StPaulsRow","1",0.267759550475542,0.0231719122634676,NA,NA,NA,9.87814925293999,9.71,1.17,0.029,0.353,0.0058,0.0871,53.16,4.76000000000001,16.37
"SR215","StPaulsRow","1",0.253809841149426,0.119408370150646,NA,NA,NA,19.7203603062322,19.3,1.76,0.0463,0.338,0.011,0.213,61.63,16.11,5.35999999999999
"SR216","StPaulsRow","1",0.364897798957133,-0.0396257671427492,NA,NA,NA,8.83050918673557,8.67,1.25,0.0271,0.401,0.00972,0.0815,50.98,4.19,11.46
"SR217","StPaulsRow","1",0.370523026709949,0.0555495508112291,NA,NA,NA,9.29278120136781,9.14,1.38,0.0275,0.361,0.0052,0.427,53.4,3.73,7.38
"SR218","StPaulsRow","1",0.347410376179877,0.0197360538011101,NA,NA,NA,9.44820000571126,9.29,1.18,0.029,0.409,0.00413,0.0385,53.37,4.15000000000001,9.38
"SR219","StPaulsRow","1",0.283937064989812,0.0413730495809101,NA,NA,NA,18.1112410322051,17.7,1.6,0.0338,0.569,0.0334,0.166,58.47,10.32,7.12
"SR220","StPaulsRow","1",0.300772152545134,0.07019287957186,NA,NA,NA,15.6777575542269,15.4,1.41,0.0291,0.349,0.0181,0.224,56.94,6.41,7.81
"SR221","StPaulsRow","1",0.338662605904003,0.0126656034117833,NA,NA,NA,10.4677405456717,10.3,1.34,0.0288,0.376,0.00427,0.0549,54.1,6.65,9.17
"SR222","StPaulsRow","1",0.312636841840044,0.0690115748573893,NA,NA,NA,10.9775605139804,10.8,1.28,0.0302,0.298,0.00354,0.101,55.98,8.41999999999999,8.70000000000001
"SR223","StPaulsRow","1",0.197816835391098,0.0981030772892992,NA,NA,NA,13.4751587727897,13.2,1.35,0.036,0.393,0.0131,0.102,58.57,4.9,14.07
"SR224","StPaulsRow","1",0.309206962168001,0.0516574025567004,NA,NA,NA,10.7736748936389,10.6,1.42,0.0292,0.294,0.00451,0.212,55.3,4.77,9.71000000000001
"SR225","StPaulsRow","1",0.319878515877024,0.0543767031186026,NA,NA,NA,11.1792688578854,11,1.41,0.0292,0.299,0.00497,0.199,55.5,3.79,8.42
"SR226","StPaulsRow","1",0.255278219172159,0.160341254682238,NA,NA,NA,21.081232443373,20.6,1.6,0.0495,0.324,0.0156,0.19,62.94,18.57,3.42
"SR227","StPaulsRow","1",0.273857952988604,0.122212556865202,NA,NA,NA,19.8276705217846,19.3,1.69,0.0565,0.332,0.0177,0.223,61.6,12.93,3.46999999999999
"SR228","StPaulsRow","1",0.234845355859281,0.176895887420605,NA,NA,NA,19.2250939281487,18.7,1.68,0.0566,0.367,0.019,0.213,64.39,16.48,2.97
"SR229","StPaulsRow","1",0.223090466908832,0.144355973845675,NA,NA,NA,25.5916842337902,22.7,2.08,0.0583,0.333,0.0117,0.238,65.11,17.04,2.51000000000001
"SR230","StPaulsRow","1",0.369947813278331,-0.028798364459266,NA,NA,NA,11.1410944336545,10.9,1.33,0.0265,0.367,0.0262,0.0786,53.24,6.2,7.73
"SR231","StPaulsRow","1",0.322529440827189,0.05707034510701,NA,NA,NA,13.1153723383021,12.9,1.44,0.0279,0.316,0.0114,0.146,56.74,10.15,6.75
"SR232","StPaulsRow","1",0.248496497190844,0.0718857987853016,NA,NA,NA,18.5363071470539,17.2,1.96,0.0303,0.363,0.0228,0.161,62.03,8.33,4.69
"SR233","StPaulsRow","1",0.248721586554236,0.112119854292646,NA,NA,NA,21.1844951164456,20.7,1.79,0.0299,0.383,0.0248,0.311,61.58,8.21,5.14
"SR234","StPaulsRow","1",0.349843558472158,-0.028639458621087,NA,NA,NA,10.1968337396937,10,1.44,0.0258,0.408,0.018,0.134,53.06,6.33,9.75
"SR235","StPaulsRow","1",0.311701665857207,-0.0042888085292277,NA,NA,NA,9.82504506109471,9.66,1.29,0.0277,0.347,0.00699,0.0746,52.9,4.79,13.08
"SR236","StPaulsRow","1",0.338184528620916,-0.0147770086980804,NA,NA,NA,8.18803726119257,8.05,1.16,0.0275,0.316,0.00404,0.0974,51.01,3.49,13.64
"SR237","StPaulsRow","1",0.347308290684587,0.0174116942124275,NA,NA,NA,11.0423097513676,10.8,1.36,0.0285,0.343,0.0239,0.102,55.39,8.57,6.67
"SR238","StPaulsRow","1",0.320535554991654,0.0204523898742543,NA,NA,NA,10.7783124554851,10.6,1.31,0.0293,0.344,0.00565,0.0571,54.33,3.73,10.1
"SR239","StPaulsRow","1",0.336828825752162,0.019015570765118,NA,NA,NA,12.3853613108383,12.2,1.29,0.0286,0.301,0.00449,0.0736,53.89,9.71,9.74
"SR240","StPaulsRow","1",0.278478361824325,0.0629707214186041,NA,NA,NA,12.213894824244,12,1.47,0.035,0.299,0.00273,0.0804,57.24,1.79,9.10999999999999
"SR241","StPaulsRow","1",0.305619522717159,0.069806200007394,NA,NA,NA,11.4219421625005,11.2,1.43,0.0375,0.28,0.00348,0.143,56.79,1.13,7.50000000000001
"SR242","StPaulsRow","1",0.398058933351467,0.00611528008388178,NA,NA,NA,7.34994083074102,7.22,1.05,0.0283,0.299,0.00306,0.168,50.54,2.91,9.33
"SR243","StPaulsRow","1",0.340949789567879,0.0289747567733329,NA,NA,NA,12.5859146846683,12.4,1.37,0.0278,0.421,0.00537,0.067,55.1,7.15,7.41
"SR244","StPaulsRow","1",0.321812072040346,0.0585516211965935,NA,NA,NA,12.5945646349429,12.4,1.23,0.0297,0.361,0.00471,0.0676,55.45,9.34,8.67
"SR245","StPaulsRow","1",0.292428386772586,0.00709973899576249,NA,NA,NA,11.8197201274154,11.6,1.34,0.0298,0.489,0.0132,0.0655,54.33,5.89,12.55
"SR246","StPaulsRow","1",0.338496551540037,0.0576438765557474,NA,NA,NA,12.392401833301,12.2,1.29,0.03,0.438,0.00419,0.0505,55.97,7.85,6.41
"SR247","StPaulsRow","1",0.336443644588166,0.0253554246718636,NA,NA,NA,9.25802215009607,9.1,1.13,0.0294,0.39,0.00407,0.059,53.09,6.06,10.87
"SR248","StPaulsRow","1",0.355875231643491,0.0116953025601076,NA,NA,NA,8.63978490620468,8.49,1.14,0.0287,0.416,0.00455,0.0982,52.19,2.57,10.33
"TM401","TateModern","1",0.398604763882302,0.160759712615787,NA,NA,NA,14.6443242585269,14.4,1.22,0.0303,0.34,0.0111,0.225,56.82,3.63,10.79
"TM402","TateModern","1",0.271940735653229,0.254652483840208,NA,NA,NA,18.8058497441068,18.5,1.23,0.0358,0.373,0.00721,0.0893,62.42,14.73,10.33
"TM403","TateModern","1",0.301230926548388,0.160422589164485,NA,NA,NA,14.6343871091968,14.4,1.14,0.0319,0.368,0.0064,0.0863,57.07,9.94,16.47
"TM404","TateModern","1",0.437824595091107,0.03329020507954,NA,NA,NA,9.91374350838632,9.75,1.37,0.0263,0.471,0.00844,0.179,51.89,4.44,13.51
"TM405","TateModern","1",0.357970235460127,0.154430148447543,NA,NA,NA,16.0367053891429,15.8,1.31,0.0311,0.391,0.00517,0.0778,58.05,12.16,9.83
"TM406","TateModern","1",0.359007327400498,0.157888055657596,NA,NA,NA,15.9298897554365,15.7,1.3,0.0298,0.324,0.00582,0.101,57.99,12.58,9.66999999999999
"TM407","TateModern","1",0.406584715586883,0.0923662236732001,NA,NA,NA,12.5854012173005,12.4,1.39,0.0279,0.365,0.00509,0.153,54.95,6.42,11.52
"TM408","TateModern","1",0.467420188597607,0.0706500005746324,NA,NA,NA,9.13035721140525,8.98,1.15,0.0278,0.337,0.0045,0.141,52.13,5.18,10.28
"TM409","TateModern","1",0.469601269140942,-0.0129261248107796,NA,NA,NA,7.10913096345173,6.97,1.18,0.0297,0.372,0.00522,0.0728,48.87,2.46,15.37
"TM410","TateModern","1",0.495828431772725,0.00942681400727569,NA,NA,NA,7.53435469492596,7.41,1.18,0.0259,0.335,0.00403,0.0777,49.85,3.05,11.63
"TM411","TateModern","1",0.407695264560748,0.0525234380474721,NA,NA,NA,9.91391446631948,9.75,1.21,0.0287,0.345,0.00489,0.0703,52.32,7.12,14.51
"TM412","TateModern","1",0.451552906276577,0.0245619817713353,NA,NA,NA,9.36639242059692,9.2,1.43,0.0273,0.498,0.00944,0.22,51.63,5.47,12.29
"TM413","TateModern","1",0.419370124479246,0.0583790107082442,NA,NA,NA,9.72624294770469,9.52,1.27,0.0353,0.63,0.00824,0.0697,53.29,3.05,13.43
"TM414","TateModern","1",0.447352920191489,0.0212844712268649,NA,NA,NA,8.83602835716537,8.68,1.22,0.0286,0.555,0.00603,0.0835,50.82,4,14.21
"TM415","TateModern","1",0.417236960250715,0.0859058083473265,NA,NA,NA,8.89680266821386,8.74,1.07,0.03,0.345,0.00397,0.133,52.31,2.32,15.12
"TM416","TateModern","1",0.46855832257445,0.0532926604713648,NA,NA,NA,8.32116860071456,8.17,1.05,0.0284,0.413,0.00656,0.116,50.87,4.24,12.18
"TM417","TateModern","1",0.439780547414527,0.0573263569352166,NA,NA,NA,10.8865222318985,10.6,1.33,0.0368,0.609,0.0245,0.103,54.49,6.44,9.07
"TM418","TateModern","1",0.39293555598386,0.124676191197951,NA,NA,NA,11.9830296323698,11.7,1.2,0.039,0.653,0.0157,0.124,56.06,5.69,11.16
"TM419","TateModern","1",0.412226825705992,0.0969649073491913,NA,NA,NA,12.1668482994464,11.9,1.51,0.0333,0.691,0.0193,0.126,57.26,6.1,7.69
"TM420","TateModern","1",0.380651867199962,0.0847270901497352,NA,NA,NA,11.6324609695095,11.4,1.26,0.0336,0.537,0.0115,0.0872,54.58,4.98,14.52
"TM421","TateModern","1",0.376522687688219,0.119916165658389,NA,NA,NA,11.8559606665659,11.6,1.16,0.0323,0.447,0.019,0.0857,56.07,5.88,12.43
"TM422","TateModern","1",0.379308119109398,0.105950138278474,NA,NA,NA,11.783138054388,11.6,1.32,0.0298,0.384,0.00356,0.243,54.22,5.88,14.89
"TM423","TateModern","1",0.345251566714262,0.215830569265686,NA,NA,NA,14.2398044580909,14,1.18,0.0357,0.315,0.0029,0.345,57.66,3.04,14.14
"TM425","TateModern","1",0.414173124435492,0.116693184125135,NA,NA,NA,9.53399481513004,9.36,1.05,0.0315,0.326,0.0049,0.251,52.73,4,14.33
"TM426","TateModern","1",0.418777978640933,0.0750026384518569,NA,NA,NA,9.62144166419454,9.46,1.13,0.0293,0.406,0.00413,0.0975,52.54,3.61,14.37
"TM427","TateModern","1",0.427411479596586,0.0989817048640915,NA,NA,NA,9.61516263108215,9.46,1.15,0.0286,0.425,0.00331,0.123,53.6,6.03,11.29
"TM428","TateModern","1",0.44899808318015,0.0408737095059841,NA,NA,NA,9.07827857144055,8.92,1.15,0.0268,0.378,0.00863,0.108,51.22,6.03,12.86
"TM429","TateModern","1",0.420307433835247,0.0786742387693586,NA,NA,NA,10.2646960205207,10.1,1.14,0.0281,0.43,0.00501,0.159,52.33,6.85,13.6
"TM430","TateModern","1",0.431503801195705,0.0885815057004294,NA,NA,NA,9.82681315816454,9.66,1.06,0.0296,0.444,0.00466,0.111,52.6,5.89,12.5
"TM431","TateModern","1",0.396304003294858,0.120480940523483,NA,NA,NA,11.8189611632447,11.6,1.13,0.0298,0.342,0.013,0.114,55.23,10.38,10.5
"TM432","TateModern","1",0.374906240331385,0.121091137782339,NA,NA,NA,12.4091426311568,12.2,1.21,0.0305,0.46,0.00772,0.153,55.18,8.46,13.12
"TM433","TateModern","1",0.413765853729548,0.0680431048556195,NA,NA,NA,10.7953887491052,10.6,1.24,0.0291,0.464,0.0107,0.0771,53.64,7.83,12.01
"TM434","TateModern","1",0.390963383113488,0.0628348152513482,NA,NA,NA,11.7036698005809,11.5,1.33,0.0279,0.448,0.0121,0.106,53.91,6.85,14.03
"TM435","TateModern","1",0.414600298858659,0.0476110836543837,NA,NA,NA,14.1965127570718,13.9,1.73,0.0288,0.678,0.0269,0.121,57.04,8.11,7.55
"TM436","TateModern","1",0.356913417138646,0.0868870659171039,NA,NA,NA,16.3138866530273,16,1.7,0.0318,0.623,0.0205,0.0767,58.7,8.53,10.23
"TM437","TateModern","1",0.399936597565474,0.0512753697461758,NA,NA,NA,11.5095686965739,11.3,1.33,0.029,0.618,0.0126,0.076,53.63,6.43,13.79
"TM438","TateModern","1",0.358570215239028,0.103796145677014,NA,NA,NA,12.1068122488272,11.9,1.1,0.0305,0.458,0.00792,0.105,53.92,7.70999999999999,16.52
"TM439","TateModern","1",0.420587694319918,0.0899796040580502,NA,NA,NA,11.0915960465176,10.9,1.27,0.0303,0.535,0.00696,0.146,54.11,7.08,11.06
"TM440","TateModern","1",0.375613503556166,0.09667340285689,NA,NA,NA,11.8015808837359,11.6,1.28,0.0291,0.409,0.00947,0.117,54.93,5.38,14.33
"TM441","TateModern","1",0.420687828043097,0.0835329589593773,NA,NA,NA,12.2286889257941,12,1.44,0.0293,0.426,0.0151,0.133,55.73,5.57,9.41
"TM442","TateModern","1",0.335868806594806,0.115801927115113,NA,NA,NA,13.0699238432596,12.8,1.31,0.0317,0.492,0.0195,0.126,56.69,6.34999999999999,15.01
"TS501","TorringtonSq","1",0.0591461811351823,0.182690661602732,NA,NA,NA,25.8105027868331,24.2,1.92,0.0323,0.342,0.00633,0.24,62.88,11.4,10.03
"TS502","TorringtonSq","1",0.273102258138023,0.0760805832514734,NA,NA,NA,9.19425356200212,9.02,1.2,0.0324,0.351,0.0048,0.181,52.59,6.05,9.37
"TS503","TorringtonSq","1",0.201658647118382,0.112884128795338,NA,NA,NA,12.8454521662108,12.6,1.41,0.0373,0.376,0.0056,0.179,56.06,6.5,10.12
"TS504","TorringtonSq","1",0.0894346574109135,0.133318561934462,NA,NA,NA,20.8700601484133,20.3,1.81,0.0347,0.408,0.0136,0.171,60.69,8.71,11.85
"TS505","TorringtonSq","1",0.0566415916359894,0.0537238282555789,NA,NA,NA,13.8663547883661,13.6,1.61,0.0324,0.493,0.0152,0.12,55.8,5.51,23.1
"TS506","TorringtonSq","1",0.0151355669155652,0.149989217690983,NA,NA,NA,17.5350166034,17.2,1.34,0.0332,0.446,0.0199,0.0983,59,11.87,19.05
"TS507","TorringtonSq","1",-0.0307309592408324,0.162150378951353,NA,NA,NA,19.9314410795075,19.5,1.43,0.0329,0.42,0.0339,0.15,60.77,12.01,20.27
"TS508","TorringtonSq","1",0.00743983572098297,0.246818731445316,NA,NA,NA,22.993500656957,22.5,1.47,0.0521,0.551,0.00924,0.211,63.08,14.19,12.75
"TS509","TorringtonSq","1",0.224662976016759,0.107600355972767,NA,NA,NA,11.0864414877389,10.9,1.11,0.0314,0.385,0.0039,0.0548,54.48,10.06,8.86000000000001
"TS510","TorringtonSq","1",0.0928401353790998,0.0189851584387831,NA,NA,NA,11.1016127068392,10.9,1.24,0.0267,0.479,0.0151,0.0329,52.03,8.38,24.24
"TS511","TorringtonSq","1",0.175635810025813,0.00109119254426681,NA,NA,NA,9.09331528576651,8.93,1.24,0.0265,0.464,0.0106,0.0562,50.65,4.43,21.1
"TS512","TorringtonSq","1",0.16796928922444,0.141900676803349,NA,NA,NA,15.8521739980165,15.6,1.36,0.0318,0.463,0.00793,0.0521,58.35,14.7,5.9
"TS513","TorringtonSq","1",0.194329160198377,-0.0315253642446055,NA,NA,NA,8.40021766005014,8.26,1.32,0.0257,0.533,0.00675,0.047,49.47,3.93,21.48
"TS514","TorringtonSq","1",0.163839513733332,0.136435528243483,NA,NA,NA,15.0398093748157,14.8,1.42,0.0334,0.385,0.0045,0.109,57.82,10.48,8.93
"TS515","TorringtonSq","1",0.167278342544017,0.0533539598196094,NA,NA,NA,13.8971238062895,13.7,1.57,0.0278,0.391,0.00531,0.051,55.41,10.66,12.07
"TS516","TorringtonSq","1",0.117755379304212,0.1472418829157,NA,NA,NA,21.9109007841685,21.6,1.61,0.0344,0.439,0.00482,0.0726,60.12,12.16,8.76
"TS517","TorringtonSq","1",0.0273443081527792,0.180611775718353,NA,NA,NA,25.955481731223,25.6,1.77,0.0277,0.328,0.00677,0.0975,62.89,19.15,9.15000000000001
"TS518","TorringtonSq","1",0.0613647753288639,0.0337765150150667,NA,NA,NA,12.7333672018007,12.5,1.45,0.0268,0.407,0.0186,0.0948,54.05,6.21,24.93
"TS519","TorringtonSq","1",0.0883784507116087,0.207922355366973,NA,NA,NA,22.5143735012629,22.2,1.55,0.0338,0.399,0.00542,0.133,62.18,12.67,7.98
"TS520","TorringtonSq","1",0.283598019121343,0.0334417569898263,NA,NA,NA,9.33361073877393,9.18,1.57,0.0277,0.414,0.00503,0.119,53.83,1.15,8.91
"TS521","TorringtonSq","1",0.169242256707526,0.0810712503026539,NA,NA,NA,11.0899875317214,10.9,1.33,0.0314,0.332,0.00487,0.0841,54.65,4.96,15.57
"TS522","TorringtonSq","1",0.16305943943933,0.114510072324627,NA,NA,NA,12.1159062847362,11.9,1.42,0.0336,0.369,0.00563,0.0651,57.19,1.37,14.02
"TS523","TorringtonSq","1",0.136160215774475,0.111014742053244,NA,NA,NA,12.5547032916945,12.3,1.42,0.0316,0.416,0.0174,0.118,57.35,4.43,14.65
"TS524","TorringtonSq","1",0.169105145024091,0.08904582778722,NA,NA,NA,11.2777317631677,11.1,1.65,0.0257,0.567,0.00954,0.547,53.82,4.98,16.79
"TS525","TorringtonSq","1",-0.0640726667950827,0.289776023030903,NA,NA,NA,39.1224014340056,35.3,2.01,0.0334,0.364,0.00585,0.32,68.12,21.14,8.44
"TS526","TorringtonSq","1",0.213369781180756,0.0577660912712196,NA,NA,NA,15.0081457057831,14.7,1.79,0.0273,0.519,0.0117,0.232,56.17,8.46,8.12
"TS527","TorringtonSq","1",0.0997048137649383,0.190884052662074,NA,NA,NA,24.3467619882641,23.7,1.81,0.0359,0.376,0.00644,0.247,62.4,11.81,7.13
"TS528","TorringtonSq","1",0.279780169272061,0.0871247706467123,NA,NA,NA,9.47405593156082,9.3,1.22,0.0306,0.343,0.00647,0.204,53.2,3.64,9.02
"TS529","TorringtonSq","1",0.272912843928189,0.0451657059934948,NA,NA,NA,10.2844972596291,10.1,1.43,0.0299,0.505,0.00798,0.149,53.29,4.64,9.02
"TS530","TorringtonSq","1",0.279715816039426,0.0029657049229036,NA,NA,NA,8.08563829368619,7.94,1.27,0.0257,0.447,0.00963,0.168,49.95,2.06,14.48
"TS531","TorringtonSq","1",0.234041242007706,0.086384150611381,NA,NA,NA,9.34849117233518,9.17,1.15,0.0336,0.406,0.00376,0.167,52.77,3.21,13.67
"TS532","TorringtonSq","1",0.245427844893375,0.144754650614205,NA,NA,NA,11.0132980211964,10.8,1.22,0.0331,0.32,0.00902,0.328,55.15,5.12,8.39
"TS533","TorringtonSq","1",0.159976703632459,0.111386569051286,NA,NA,NA,15.2326719130839,15,1.49,0.0313,0.351,0.0056,0.117,57.12,11.36,9.88
"TS534","TorringtonSq","1",0.187719779707795,0.114759777906778,NA,NA,NA,17.1332853783966,16.9,1.45,0.0302,0.418,0.00375,0.096,57.04,10.8,7.96
"TS535","TorringtonSq","1",0.127594648616246,0.207993048544446,NA,NA,NA,17.839724628949,17.5,1.37,0.0387,0.466,0.0119,0.239,60.35,10.31,8.38
"TS536","TorringtonSq","1",0.128375465723936,0.110913960085364,NA,NA,NA,12.6594985082369,12.4,1.35,0.0366,0.509,0.0108,0.216,55.54,8.41,16.14
"TS537","TorringtonSq","1",0.227191207166885,0.048425583377207,NA,NA,NA,9.98722928727431,9.82,1.44,0.0288,0.399,0.0055,0.203,52.9,5.61000000000001,12.97
"TS538","TorringtonSq","1",0.188362212945358,0.123316363660918,NA,NA,NA,14.359218335577,14.1,1.4,0.0344,0.359,0.00916,0.23,56.3,10.09,9.27
"TS539","TorringtonSq","1",-0.0306230631507288,0.302864230246847,NA,NA,NA,30.0339771753295,29.4,1.57,0.0573,0.363,0.00967,0.481,64.32,14.8,13.95
"TS540","TorringtonSq","1",0.315575102350228,-0.0102453742091752,NA,NA,NA,7.88205662627813,7.74,1.38,0.0258,0.445,0.00902,0.257,49.33,2.64,12.12
"TS541","TorringtonSq","1",0.0455804669605901,0.156552902244698,NA,NA,NA,20.2841372953352,20,1.58,0.0298,0.404,0.0093,0.246,59.17,16.54,14.17
