"GroupID","LocationID","Lockdown","ISOPleasant","ISOEventful","Human","Traffic","Natural","PA","N5","S","R","I","FS","T","LAeq","LA10_LA90","LC_LA","SIL3"
"CT501","CamdenTown","1",0.26599776563313,0.135862445517432,NA,NA,NA,18.4104879180151,18.1,1.56,0.0371,0.361,0.007,0.175,59.44,12.32,9.35000000000001,46.95
"CT502","CamdenTown","1",0.0114313952610283,0.400247959141058,NA,NA,NA,37.7216602799788,35.2,1.92,0.0387,0.339,0.00656,0.287,69.67,15.15,7.19,57.73
"CT503","CamdenTown","1",-0.0299544393297729,0.496768655944139,NA,NA,NA,40.3016083843987,37.7,1.91,0.0428,0.37,0.0139,0.181,72.93,21.23,6.31999999999999,60.66
"CT504","CamdenTown","1",0.154807255118787,0.211808984035941,NA,NA,NA,20.0477908572637,19.6,1.79,0.0318,0.462,0.0182,0.177,62.28,8.98999999999999,7.76000000000001,51.59
"CT505","CamdenTown","1",0.0524232323016714,0.378169071654688,NA,NA,NA,37.6852196982505,35.7,1.88,0.0355,0.34,0.0114,0.267,68.39,17.59,6.55,56.76
"CT506","CamdenTown","1",0.175493267574815,0.281606230851787,NA,NA,NA,19.7701806533735,19.4,1.66,0.0345,0.334,0.0199,0.257,63.66,8.03,5.73,51.95
"CT507","CamdenTown","1",-0.0618700039622007,0.464149829537041,NA,NA,NA,47.5018327171227,41.9,2.06,0.0414,0.332,0.0111,0.226,71.87,15.08,5.61,60.78
"CT508","CamdenTown","1",0.226473473746233,0.170398104344657,NA,NA,NA,18.5376669315365,18.2,1.76,0.031,0.363,0.0201,0.33,60.5,7.81,7.89,50.24
"CT509","CamdenTown","1",0.0409755159912772,0.356314865854621,NA,NA,NA,33.0613698924487,29.2,2.08,0.0382,0.336,0.00663,0.16,67.45,11.18,5.58,57.61
"CT510","CamdenTown","1",0.0769520231966175,0.305624238796129,NA,NA,NA,23.0615815332343,22.3,1.83,0.0386,0.338,0.00553,0.167,65.12,5.84999999999999,7.81,54.42
"CT511","CamdenTown","1",0.0951982498013474,0.22304021524502,NA,NA,NA,24.7662674161383,24.4,1.71,0.0367,0.533,0.00673,0.138,63.5,11.23,11.11,51.63
"CT512","CamdenTown","1",0.0873843334037736,0.267832542502854,NA,NA,NA,24.5512124505876,24.1,1.78,0.0368,0.419,0.00532,0.0816,64.21,10.53,8.96000000000001,53.06
"CT514","CamdenTown","1",0.0265052689783121,0.328687969496893,NA,NA,NA,30.9852982815147,30.2,1.8,0.041,0.385,0.0127,0.21,67.57,11.75,9.69000000000001,55.46
"CT515","CamdenTown","1",0.114949847786621,0.345010401549402,NA,NA,NA,24.958678989981,24.2,1.82,0.0395,0.349,0.00717,0.349,66.14,6.88,6.48,55.18
"CT516","CamdenTown","1",0.111322905373648,0.435455140175994,NA,NA,NA,43.560702327361,39.3,2,0.0716,0.371,0.0104,0.263,71.66,16.07,5.58,58.98
"CT517","CamdenTown","1",0.103295294102318,0.275420580396239,NA,NA,NA,28.5819571141569,25.9,2.01,0.0359,0.463,0.0409,0.385,66.47,10.73,6.78,56.05
"CT518","CamdenTown","1",0.0848334291420895,0.231392056089406,NA,NA,NA,30.9284772390546,30.3,1.79,0.0323,0.316,0.0105,0.37,64.07,8.97000000000001,10.27,52.5
"CT519","CamdenTown","1",-0.0494108584083064,0.36187044770985,NA,NA,NA,39.7778625012536,37.8,1.87,0.0413,0.434,0.00729,0.17,69.62,16.17,10.9,57.18
"CT520","CamdenTown","1",0.0431573526346367,0.33679474352209,NA,NA,NA,26.0083896882318,24.8,1.87,0.038,0.355,0.00655,0.153,66.5,9.16,8.2,55.93
"CT521","CamdenTown","1",0.0297030457000805,0.361983171892955,NA,NA,NA,41.0967406170219,39.3,1.85,0.0528,0.409,0.00693,0.165,69.53,16.41,8.84999999999999,56.15
"CT522","CamdenTown","1",0.0645138005992803,0.309962188793582,NA,NA,NA,28.9316619008551,26.6,1.97,0.045,0.344,0.00494,0.114,66.18,8.20999999999999,7.47999999999999,55.6
"CT523","CamdenTown","1",-0.0730496484575937,0.366812322075092,NA,NA,NA,46.0689586320754,37.3,2.31,0.049,0.4,0.00919,0.312,71.03,9.74,8.94,60.91
"CT524","CamdenTown","1",0.127504763112102,0.236589528819361,NA,NA,NA,27.6828148270262,26.9,1.8,0.0376,0.377,0.0357,0.565,64.67,6.03,10.2,53.89
"CT525","CamdenTown","1",-0.0385448906359316,0.333242153498945,NA,NA,NA,37.8506512505366,33.8,2.04,0.0392,0.35,0.00741,0.295,68.61,10.61,10.49,57.93
"CT526","CamdenTown","1",0.0403581591757697,0.273178460799138,NA,NA,NA,23.634266399007,23.2,1.74,0.04,0.435,0.0155,0.157,65.65,6.38,10.19,53.45
"CT527","CamdenTown","1",0.323613182560883,0.431226988506448,NA,NA,NA,53.6143729260403,48.5,1.97,0.133,0.498,0.0221,0.449,73.65,15.85,7.36,59.22
"CT528","CamdenTown","1",-0.0848846551051809,0.465088426856004,NA,NA,NA,52.9718049619155,44.3,2.2,0.0471,0.317,0.00848,0.26,72.67,12.01,5,61.68
"CT529","CamdenTown","1",0.221808912205053,0.164710147711185,NA,NA,NA,15.5533303059216,15.3,1.54,0.033,0.355,0.00704,0.233,59.51,6.3,9.65,48.03
"CT530","CamdenTown","1",0.000340566752379881,0.374323368338453,NA,NA,NA,31.6359675917563,31.1,1.77,0.0399,0.391,0.00921,0.126,67.99,10.91,8.55000000000001,56.26
"CT531","CamdenTown","1",-0.123091433778961,0.407367575418254,NA,NA,NA,50.1896213823284,44.2,2.06,0.0554,0.353,0.00793,0.316,72.64,8.45999999999999,10.77,60.15
"CT532","CamdenTown","1",0.130425738847207,0.203840082975444,NA,NA,NA,19.8316784274892,19.5,1.56,0.0342,0.509,0.0127,0.131,61.53,6.00000000000001,10.08,49.72
"CT533","CamdenTown","1",0.0301420768575983,0.390383466276983,NA,NA,NA,32.3886182799597,31.9,1.76,0.0407,0.367,0.00662,0.104,68.64,14.68,6.84,55.8
"CT534","CamdenTown","1",0.157866423911069,0.235297096716271,NA,NA,NA,19.7326851922857,19.4,1.76,0.0344,0.383,0.0113,0.375,63.17,7.58000000000001,9.41,52.3
"CT535","CamdenTown","1",0.0527688019914414,0.43654773161639,NA,NA,NA,35.86859647743,33.6,1.91,0.0445,0.33,0.00838,0.279,69.71,11.09,4.21000000000001,57.99
"CT536","CamdenTown","1",0.111510757157052,0.22742485732612,NA,NA,NA,22.6470142479564,22.3,1.67,0.0357,0.347,0.00823,0.333,63.3,7.03,11.57,51.71
"CT537","CamdenTown","1",0.0174329835116018,0.374029506931633,NA,NA,NA,32.9431071510359,30.9,1.91,0.0409,0.364,0.00507,0.186,68.64,13.76,8.22,57.19
"CT538","CamdenTown","1",0.180957262510343,0.339032883926257,NA,NA,NA,34.3951750207956,33.5,1.79,0.0598,0.363,0.00892,0.525,68.27,14.39,9.04000000000001,55.12
"CT539","CamdenTown","1",0.00579703944204471,0.318080618931725,NA,NA,NA,39.3632286922439,35.9,1.98,0.0386,0.335,0.00575,0.285,67.35,11.21,9.31,56.48
"CT540","CamdenTown","1",0.058771813097374,0.399927716805364,NA,NA,NA,36.1695115875486,33.5,1.94,0.0476,0.332,0.00854,0.332,69.28,11.92,6.78999999999999,57.98
"CT541","CamdenTown","1",0.0584494156361181,0.27878112687987,NA,NA,NA,24.2779649012914,23.9,1.74,0.0359,0.368,0.0107,0.194,64.96,9.43000000000001,10.83,53.9
"CT542","CamdenTown","1",0.0496606527294373,0.336015518027044,NA,NA,NA,29.931732985091,27.9,1.93,0.0369,0.351,0.0142,0.248,66.86,11.83,8.54000000000001,56.95
"CT543","CamdenTown","1",0.0268356051673001,0.325806370670025,NA,NA,NA,39.2049820094806,36.3,1.94,0.0348,0.342,0.00592,0.355,67.66,14.64,8.98,56.16
"CT544","CamdenTown","1",-0.0627042987660459,0.425816820348741,NA,NA,NA,45.9416686518882,39,2.17,0.0411,0.339,0.00591,0.204,70.82,12.11,5.74000000000001,60.46
"CT545","CamdenTown","1",-0.0057906453343386,0.455403421636621,NA,NA,NA,50.6682015889163,45.6,2,0.0688,0.323,0.00985,0.255,73.14,9.18000000000001,5.04000000000001,59.12
"ET401","EustonTap","1",-0.0587694379681193,0.276674115065883,NA,NA,NA,29.3714346659045,28.9,1.74,0.0444,0.333,0.00524,0.115,69.23,6.22999999999999,6.67999999999999,57.49
"ET402","EustonTap","1",0.0371179544769956,0.183037547438998,NA,NA,NA,22.9025854200447,22.6,1.62,0.0324,0.335,0.00484,0.126,62.97,10.36,5.02,50.56
"ET403","EustonTap","1",-0.0368264040245596,0.260621777754649,NA,NA,NA,23.6787015248632,23.3,1.71,0.041,0.31,0.00417,0.119,66.83,8.25999999999999,5.84,55.69
"ET404","EustonTap","1",0.103749067535747,0.104468994341156,NA,NA,NA,15.1126451354213,14.9,1.67,0.0286,0.293,0.00532,0.159,58.56,2.64,10.71,49.4
"ET405","EustonTap","1",-0.043393771294748,0.247734116341449,NA,NA,NA,22.8278900220474,22,1.84,0.0402,0.308,0.00449,0.125,66.89,3.92999999999999,6.34,56.76
"ET406","EustonTap","1",0.0915311491295604,0.077521220321301,NA,NA,NA,15.7477709945166,15.5,1.53,0.0318,0.33,0.00717,0.23,59.79,4.39,13.6,48.3
"ET407","EustonTap","1",-0.067233425367685,0.257442439849068,NA,NA,NA,27.8491103760016,26.8,1.84,0.0454,0.316,0.00481,0.165,68.41,6.58000000000001,6.89,57.67
"ET408","EustonTap","1",0.111280545409345,0.134457844244984,NA,NA,NA,16.0345128266808,15.8,1.52,0.0318,0.311,0.00364,0.0649,59.59,7.23999999999999,7.7,47.93
"ET409","EustonTap","1",-0.229916416714764,0.253533994453732,NA,NA,NA,31.2375558277004,29.1,1.93,0.0441,0.315,0.00537,0.172,69.98,16.48,6.16,58.47
"ET410","EustonTap","1",-0.0298292869060764,0.160104229251945,NA,NA,NA,22.7251936641266,22.4,1.6,0.0355,0.284,0.00449,0.359,64.31,13.06,10.5,51.85
"ET411","EustonTap","1",0.0665689481988724,0.111011068284093,NA,NA,NA,18.2652493166334,18,1.6,0.0329,0.299,0.00435,0.274,60.95,7.63,10.69,49.3
"ET412","EustonTap","1",-0.0349572583625151,0.131621589959606,NA,NA,NA,18.8197129850512,17.7,1.92,0.0353,0.394,0.00354,0.0679,63,2.69,8.43000000000001,52.93
"ET413","EustonTap","1",0.03412794883013,0.146489337078511,NA,NA,NA,18.3830817218998,18.1,1.71,0.0342,0.403,0.00582,0.0725,61.94,4.07,8.74000000000001,51.38
"ET414","EustonTap","1",0.0512706282287425,0.247251169573369,NA,NA,NA,19.8265996015683,19.5,1.63,0.0394,0.306,0.00392,0.0533,65.36,3.48,5.27,53.79
"ET415","EustonTap","1",0.0162848181244319,0.107453744994729,NA,NA,NA,15.6572012461651,15.4,1.72,0.0354,0.338,0.00408,0.068,62.05,1.28,11.5,50.93
"ET416","EustonTap","1",-0.15619464045653,0.134472057010464,NA,NA,NA,34.5884206000934,29.9,2.14,0.0405,0.31,0.00572,0.226,67.07,6.81000000000001,10,56.84
"ET417","EustonTap","1",-0.0724318524603731,0.120002827663848,NA,NA,NA,22.4438647455643,21,1.93,0.0359,0.299,0.00408,0.238,64.53,2.05,12.7,54.59
"ET418","EustonTap","1",0.00235858180582299,0.169424552190034,NA,NA,NA,18.9778548755392,18.2,1.86,0.0339,0.294,0.00539,0.2,63.33,2.88,8.07000000000001,53.86
"ET419","EustonTap","1",-0.264324202520191,0.220658270194192,NA,NA,NA,43.9291480773218,34.1,2.45,0.0473,0.357,0.00631,0.409,73,7.03,7.28,63.64
"ET420","EustonTap","1",-0.136375882118594,0.228457427328404,NA,NA,NA,29.9093222877716,25.7,2.17,0.0396,0.344,0.00668,0.0923,68.93,1.08999999999999,5.22999999999999,59.47
"ET421","EustonTap","1",-0.106778216742009,0.217140858007917,NA,NA,NA,25.1047181982338,22.9,2,0.0412,0.313,0.00502,0.0581,68.52,1.39,6.18000000000001,57.44
"ET422","EustonTap","1",-0.0838850378402674,0.0928640510935563,NA,NA,NA,21.2477901783771,19,2.07,0.0351,0.295,0.0128,0.114,63.85,1.3,9.45,53.95
"ET423","EustonTap","1",-0.0307629037329943,0.0795184539832365,NA,NA,NA,15.6256740097679,15.1,1.84,0.0311,0.295,0.00375,0.0822,60.25,6.58,9.83,50.03
"ET424","EustonTap","1",-0.172020656399415,0.1439353209878,NA,NA,NA,26.6296705499804,23.1,2.15,0.0381,0.326,0.00638,0.208,65.53,9.31,8.28999999999999,56.4
"ET425","EustonTap","1",-0.161681550865845,0.23159149035568,NA,NA,NA,33.1331088384768,30.3,1.98,0.0406,0.322,0.00603,0.24,69.18,12.4,5.36,57.66
"ET426","EustonTap","1",-0.115930655987605,0.254993096589102,NA,NA,NA,32.0787491592715,30.3,1.89,0.047,0.349,0.00585,0.132,69.35,9.73,6.11,58
"ET427","EustonTap","1",-0.17420642742738,0.300829467469022,NA,NA,NA,43.6518426301061,39,2.03,0.0463,0.328,0.0057,0.118,72.8,8.39,4.63000000000001,61.37
"ET428","EustonTap","1",-0.0318081491757198,0.16379538450187,NA,NA,NA,22.5116846331124,22.2,1.73,0.0345,0.324,0.00389,0.14,63.03,9.73999999999999,8.73999999999999,52.4
"ET429","EustonTap","1",-0.19690236031545,0.328729012581972,NA,NA,NA,39.7527703284339,36.1,1.99,0.0498,0.33,0.00497,0.0992,73.9,9.53,3.94999999999999,61.98
"ET430","EustonTap","1",-0.0389621532614797,0.0520821442109631,NA,NA,NA,15.6018221169762,14.8,1.9,0.0297,0.325,0.00319,0.0667,59.37,5.47,10.87,49.77
"ET431","EustonTap","1",-0.28368710025752,0.27186790430333,NA,NA,NA,42.0888572390151,37.5,2.04,0.042,0.307,0.00567,0.329,72.45,17.38,7.17,61.25
"ET432","EustonTap","1",-0.107597513487898,0.251549831971055,NA,NA,NA,31.4486168663074,31,1.76,0.0386,0.322,0.00505,0.188,67.66,12.72,7.18000000000001,56.58
"ET433","EustonTap","1",-0.169351220159653,0.232818089841487,NA,NA,NA,32.5065849366824,30.5,1.91,0.0386,0.305,0.00478,0.184,68.36,12.54,7.25,57.53
"ET434","EustonTap","1",-0.105573669572561,0.247409442011935,NA,NA,NA,43.3250086011468,39.3,1.99,0.0407,0.321,0.0044,0.17,69.67,5.77000000000001,7.5,59.29
"ET435","EustonTap","1",-0.00905469238126133,0.123581309946845,NA,NA,NA,19.7176423703781,18.6,1.91,0.0322,0.309,0.00609,0.243,61.47,7.01,8.11,52.22
"ET436","EustonTap","1",-0.0772123212326242,0.270074259463453,NA,NA,NA,28.5471345369746,27.2,1.87,0.0405,0.311,0.00486,0.172,68.27,7.37,5.18000000000001,57.79
"ET437","EustonTap","1",-0.136403770233975,0.203332985628545,NA,NA,NA,29.0807944772306,28.7,1.71,0.0359,0.322,0.00442,0.114,66.68,14.93,7.66999999999999,54.06
"ET438","EustonTap","1",-0.271566933584499,0.253867238100006,NA,NA,NA,43.9831872201991,35,2.37,0.0415,0.325,0.00708,0.439,72.11,13.06,4.88,63.07
"MC501","MarchmontGarden","1",0.127451322134593,-0.0459459464500546,NA,NA,NA,12.5440159712672,12.1,1.85,0.0239,0.422,0.00994,0.133,55.61,10.21,8.53,44.21
"MC502","MarchmontGarden","1",0.457789321240463,-0.162287976147459,NA,NA,NA,6.62701776727896,6.53,1.48,0.0213,0.357,0.00414,0.0687,46.46,2.99,13.92,36.55
"MC503","MarchmontGarden","1",0.213719849971098,-0.0335940740752678,NA,NA,NA,11.7686038905193,11.6,1.56,0.0251,0.337,0.00678,0.185,52.91,11.68,10.56,42.07
"MC504","MarchmontGarden","1",0.501851980097666,-0.179631855055517,NA,NA,NA,5.68104610546136,5.6,1.57,0.0199,0.312,0.00321,0.0497,45.31,1.72,11.95,35.83
"MC505","MarchmontGarden","1",0.343916147369936,-0.175555736863597,NA,NA,NA,9.12786187672459,8.26,2.08,0.0221,0.341,0.00533,0.101,49.31,2.26000000000001,10.25,41.17
"MC506","MarchmontGarden","1",0.23710012403583,-0.0451266303612887,NA,NA,NA,12.8676216364757,12.6,1.8,0.0242,0.302,0.00424,0.191,53.55,8.34999999999999,9.58000000000001,43.66
"MC507","MarchmontGarden","1",0.219772259889647,0.0021873032666704,NA,NA,NA,12.0838844888026,11.9,1.75,0.0286,0.398,0.00482,0.149,55.48,7,10.61,45.71
"MC508","MarchmontGarden","1",0.244323757554502,-0.127333448794784,NA,NA,NA,9.99086956138929,9.4,1.94,0.0234,0.381,0.00556,0.124,51.76,5.55,11.33,42.36
"MC509","MarchmontGarden","1",0.173212491591884,-0.0764967009783629,NA,NA,NA,13.169237851032,13,1.75,0.0232,0.416,0.00685,0.126,52.71,10.5,11.96,42.86
"MC510","MarchmontGarden","1",0.370269456080098,-0.144814143505488,NA,NA,NA,8.031184162448,7.9,1.44,0.0241,0.411,0.00738,0.144,50.13,2.73,17.77,38.92
"MC511","MarchmontGarden","1",0.358295180572695,-0.0741120838265335,NA,NA,NA,8.61580234590921,8.47,1.43,0.0262,0.373,0.0071,0.165,51.86,4.15,14.63,40.6
"MC512","MarchmontGarden","1",0.262112185473082,0.0431792680952972,NA,NA,NA,15.9146456802047,15.7,1.48,0.0281,0.316,0.00502,0.0991,56.9,6.98,11.19,44.93
"MC513","MarchmontGarden","1",0.435186815741916,-0.107384923660329,NA,NA,NA,7.98308711486126,7.85,1.33,0.025,0.351,0.00683,0.201,51.04,1.63,16.22,38.73
"MC514","MarchmontGarden","1",0.381167275625871,-0.124954234982094,NA,NA,NA,7.51556083371623,7.4,1.22,0.0235,0.315,0.00463,0.0972,49.09,6.2,15.6,36.3
"MC515","MarchmontGarden","1",0.328389754738838,-0.0804200511421305,NA,NA,NA,9.128570844715,8.99,1.41,0.0233,0.371,0.0076,0.0972,51.42,5.87,13.39,39.61
"MC516","MarchmontGarden","1",0.356058802515415,-0.155754015092329,NA,NA,NA,7.21544024175309,7.1,1.38,0.0229,0.399,0.00649,0.0858,48.89,5.55,15.54,36.77
"MC517","MarchmontGarden","1",0.251950145578389,-0.191478641628106,NA,NA,NA,8.36815178956737,8.19,1.61,0.0241,0.533,0.0217,0.097,50.13,5.85,17.78,39.52
"MC518","MarchmontGarden","1",0.116471191406511,-0.112612607189792,NA,NA,NA,10.3888230709565,10.2,1.61,0.0245,0.451,0.017,0.128,54.79,11.72,11.18,40.29
"MC519","MarchmontGarden","1",0.103087858723949,-0.0767381036170575,NA,NA,NA,13.8695742762465,13.7,1.75,0.0234,0.39,0.00534,0.267,55.56,10.1,15.33,44.41
"MC520","MarchmontGarden","1",0.357638123863396,-0.0232887820002478,NA,NA,NA,9.38401293274616,9.23,1.28,0.0256,0.399,0.00815,0.202,54.48,6.09,10.02,39.54
"MC521","MarchmontGarden","1",0.359449129499277,-0.0938887937427044,NA,NA,NA,9.60189943279661,9.46,1.39,0.0245,0.363,0.00551,0.0636,50.43,6.08,13.13,38.54
"MC522","MarchmontGarden","1",0.381358155297398,-0.0807660295979702,NA,NA,NA,9.08154843853303,8.94,1.43,0.0258,0.34,0.00491,0.0916,50.38,5.38,12.62,39.26
"MC523","MarchmontGarden","1",0.511460285711403,-0.143680063801191,NA,NA,NA,6.0908508604787,5.99,1.21,0.0241,0.325,0.00336,0.0561,47.04,1.8,15.93,35.3
"MC524","MarchmontGarden","1",0.489637002113532,-0.0487377767879717,NA,NA,NA,7.40737014460032,7.29,1.31,0.0251,0.321,0.00322,0.102,50.43,1.12,12.54,39.2
"MC525","MarchmontGarden","1",0.493755809707744,-0.0941736741600188,NA,NA,NA,6.97117227779845,6.86,1.37,0.0241,0.403,0.004,0.159,48.89,1.65,13.51,38.25
"MC526","MarchmontGarden","1",0.387596367019986,-0.0454822319206367,NA,NA,NA,7.90280875041919,7.77,1.39,0.0236,0.346,0.00911,0.13,50.33,6.93,9.42,39.2
"MC527","MarchmontGarden","1",0.451630460224136,-0.123029881885888,NA,NA,NA,6.54365118262288,6.44,1.3,0.0229,0.366,0.00453,0.0652,48.27,4.84,11.41,35.44
"MC528","MarchmontGarden","1",0.212262661682007,0.0105980034811056,NA,NA,NA,13.3798168731271,13.2,1.5,0.0257,0.327,0.0053,0.13,53.95,12.04,9.55,42.87
"MC529","MarchmontGarden","1",0.443407855465331,-0.125772335290012,NA,NA,NA,7.26431023362406,7.14,1.44,0.0243,0.389,0.00738,0.209,48.96,4.41,12.34,37.39
"MC530","MarchmontGarden","1",0.253442198643033,-0.147067752335212,NA,NA,NA,9.60147153467822,9.44,1.38,0.0249,0.363,0.0108,0.177,50.47,7.99,19.89,39.26
"MC531","MarchmontGarden","1",0.448392463113616,-0.0705687047017959,NA,NA,NA,7.92437790030116,7.78,1.48,0.0253,0.372,0.0104,0.155,50.1,2.72000000000001,11.86,40.15
"MC532","MarchmontGarden","1",0.399852918300425,-0.100691741724498,NA,NA,NA,8.3713595772193,8.24,1.33,0.0248,0.335,0.0053,0.0794,49.54,4.89,14.38,38.04
"MC533","MarchmontGarden","1",0.33407214056857,-0.148802776148496,NA,NA,NA,10.1719431239335,10,1.35,0.0267,0.4,0.00948,0.186,51.92,3.41,20.55,39.21
"MC534","MarchmontGarden","1",0.380587211497614,-0.081693879015541,NA,NA,NA,9.99884326735593,9.83,1.37,0.0279,0.335,0.00729,0.235,52.88,3.32,16.18,40.39
"MC535","MarchmontGarden","1",0.393510868380349,-0.167850251880556,NA,NA,NA,8.99081156899391,8.86,1.49,0.0232,0.34,0.00572,0.11,48.94,3.08,16.63,37.84
"MC536","MarchmontGarden","1",0.401667780052781,-0.0821312981678421,NA,NA,NA,7.98657894501519,7.86,1.43,0.0252,0.318,0.00433,0.0622,49.93,3.93,12.96,39.27
"MC537","MarchmontGarden","1",0.269302310780518,-0.264690504384137,NA,NA,NA,8.89178787206515,7.81,2.19,0.0228,0.314,0.00784,0.139,49.25,1.38,16.16,41.18
"MC538","MarchmontGarden","1",0.349241747936696,-0.143399003992101,NA,NA,NA,7.67523629021092,7.53,1.74,0.0236,0.458,0.0142,0.118,49.54,4.48,11.41,39.85
"MC539","MarchmontGarden","1",0.369796928011833,-0.0322556332349183,NA,NA,NA,9.33018104430581,9.18,1.47,0.024,0.397,0.00954,0.0737,51.6,6.14,8.46,40.34
"MC540","MarchmontGarden","1",0.288334733392249,-0.0279541049086282,NA,NA,NA,10.3963759937948,10.2,1.53,0.0268,0.405,0.0157,0.121,53.11,9.66999999999999,7.12,41.06
"MC541","MarchmontGarden","1",0.125865012404552,0.017319112616971,NA,NA,NA,18.1456788268483,17.5,1.84,0.0302,0.508,0.0184,0.15,58.89,12.31,5.36,46.16
"MG201","MonumentoGaribaldi","1",0.154303696135537,0.222538345564976,NA,NA,NA,25.5547509215931,24.8,1.82,0.0352,0.27,0.00555,0.428,65.34,7.78,9.89,54.43
"MG202","MonumentoGaribaldi","1",0.153671035235816,0.229957476970826,NA,NA,NA,25.918123413547,24.7,1.87,0.0407,0.339,0.0102,0.323,66.01,7.12,8.89,55.07
"MG203","MonumentoGaribaldi","1",0.229332555612137,0.260609325805638,NA,NA,NA,28.0199511178239,25.4,2.01,0.0558,0.358,0.01,0.338,67.21,3.5,8.13000000000001,57.45
"MG204","MonumentoGaribaldi","1",0.348980663449555,0.287847744325592,NA,NA,NA,28.5828694850409,26.2,1.97,0.0829,0.412,0.00425,0.307,68.6,2.22999999999999,6.62,57.2
"MG205","MonumentoGaribaldi","1",0.620875744771294,0.312627314687439,NA,NA,NA,23.2234763114705,22.1,1.74,0.132,0.403,0.0031,0.38,67.58,1.98999999999999,6.89,55.88
"MG206","MonumentoGaribaldi","1",0.600352735238555,0.297682965928522,NA,NA,NA,22.2318799659455,21.2,1.67,0.124,0.393,0.00337,0.405,67.08,1.97,7.44,54.78
"MG207","MonumentoGaribaldi","1",0.700865338779326,0.310963449021293,NA,NA,NA,22.3876128139506,21.2,1.66,0.143,0.413,0.00345,0.429,67.04,1.98999999999999,6.97999999999999,55.04
"MG208","MonumentoGaribaldi","1",0.628239200332992,0.303165035456357,NA,NA,NA,22.5913368128971,21.5,1.7,0.13,0.418,0.0036,0.384,66.91,1.94,7.22,55.25
"MG209","MonumentoGaribaldi","1",0.0524245914411396,0.223955942302916,NA,NA,NA,53.3694075939709,38.9,2.63,0.0465,0.283,0.00631,0.373,72.51,3.03,10.38,63.03
"MG210","MonumentoGaribaldi","1",0.07082331670705,0.0578279515558304,NA,NA,NA,139.066376598455,62.9,4.35,0.062,0.415,0.0174,0.224,79.67,7.03,3.55,71.88
"MG211","MonumentoGaribaldi","1",0.114470643625451,0.244392933312377,NA,NA,NA,44.4074257754591,35.1,2.39,0.0471,0.254,0.00687,0.526,71.59,2.23999999999999,10.48,61.44
"MG212","MonumentoGaribaldi","1",0.133021275683285,0.26107295936254,NA,NA,NA,41.7390909003098,34.7,2.24,0.0497,0.271,0.00483,0.547,71.22,2.94,11.16,60.73
"MG213","MonumentoGaribaldi","1",0.0530285245810009,0.0986623588980992,NA,NA,NA,93.2955282891431,48.3,3.86,0.0622,0.452,0.00959,0.224,75.99,5.04000000000001,5.15000000000001,68.77
"MG214","MonumentoGaribaldi","1",0.0362797010960137,0.158373454894079,NA,NA,NA,60.379020749454,38.1,3.14,0.0456,0.36,0.0079,0.265,72.24,2.40000000000001,7.80000000000001,64.75
"MG215","MonumentoGaribaldi","1",0.218167674552445,0.173145467173427,NA,NA,NA,25.4642026620975,24.5,1.84,0.0418,0.364,0.0146,0.563,64.22,7.73,11.56,53.78
"MG216","MonumentoGaribaldi","1",0.189114518169311,0.205730515359974,NA,NA,NA,30.3618489701354,27.5,2.01,0.0501,0.298,0.00702,0.516,67.85,3.17999999999999,11.78,56.5
"MG217","MonumentoGaribaldi","1",0.176751209515495,0.200919699989347,NA,NA,NA,29.6830486895569,26.9,2.01,0.0473,0.288,0.00667,0.415,67.28,2.26000000000001,11.6,56.23
"MG218","MonumentoGaribaldi","1",0.170462740373878,0.225108398463745,NA,NA,NA,30.5845623018005,27.9,1.99,0.0431,0.266,0.0089,0.486,67.7,2.53,11.27,56.98
"MG219","MonumentoGaribaldi","1",0.131099497995304,0.250226457729142,NA,NA,NA,42.0313561491076,35.4,2.2,0.0524,0.276,0.00937,0.522,71.6,3.17,11.36,60.16
"MG220","MonumentoGaribaldi","1",0.150540460490275,0.234846050477268,NA,NA,NA,37.771267024577,32.9,2.11,0.0525,0.257,0.00637,0.556,70.43,3.8,11.94,58.7
"MG301","MonumentoGaribaldi","1",0.126679878908539,0.0403063688226646,NA,NA,NA,19.1861256363873,17.8,1.94,0.0289,0.673,0.0904,0.418,63.79,19.56,1.79,49.25
"MG302","MonumentoGaribaldi","1",0.383506034220273,-0.0399475143529168,NA,NA,NA,8.82984495543683,8.64,1.72,0.0242,0.522,0.0234,0.152,52.98,11.78,1.61000000000001,40.52
"MG303","MonumentoGaribaldi","1",0.520024784879567,-0.127683834602877,NA,NA,NA,6.74643954568194,6.62,1.75,0.0213,0.489,0.0147,0.185,47.24,7.33000000000001,4.09,37.98
"MG304","MonumentoGaribaldi","1",0.577606480774593,-0.133636971315075,NA,NA,NA,5.77101161186543,5.65,1.42,0.0246,0.428,0.0122,0.0998,46.18,5.39,5.51,34.74
"MG305","MonumentoGaribaldi","1",0.522145888758226,-0.138939570539307,NA,NA,NA,6.40865067910495,6.27,1.67,0.0225,0.455,0.0191,0.153,47.25,6.62,4.89,37.22
"MG306","MonumentoGaribaldi","1",0.564611818822689,-0.160876037089758,NA,NA,NA,5.72392258412195,5.6,1.57,0.0241,0.457,0.0144,0.188,46.74,6.45,4.64,34.94
"MG307","MonumentoGaribaldi","1",0.489603527388338,-0.204045998710387,NA,NA,NA,6.42773304823994,6.29,1.64,0.0236,0.447,0.017,0.224,46.89,8.01,8.86,35.74
"MG308","MonumentoGaribaldi","1",0.497819282616146,-0.115067673462413,NA,NA,NA,7.07197522124851,6.92,1.54,0.0248,0.435,0.0174,0.248,48.65,7.21,7.33,37.69
"MG309","MonumentoGaribaldi","1",0.52985982575061,-0.133151101216113,NA,NA,NA,6.20825903713317,6.08,1.49,0.0226,0.37,0.0159,0.168,47.65,5.63,6.06,35.86
"MG310","MonumentoGaribaldi","1",0.47437729857897,-0.0897394249722482,NA,NA,NA,7.52555927718236,7.34,1.49,0.0301,0.444,0.0192,0.147,50.14,8,6.4,37.87
"MG311","MonumentoGaribaldi","1",0.283485695047215,-0.00158998620121378,NA,NA,NA,16.2760358280474,14.7,2.04,0.0337,0.668,0.0706,0.264,58.85,11.54,2.33,47.96
"MG312","MonumentoGaribaldi","1",0.430505342892695,-0.0189717726679704,NA,NA,NA,8.80879129663879,8.65,1.61,0.0232,0.38,0.0151,0.199,52.16,7.16,4.22000000000001,40.89
"MG313","MonumentoGaribaldi","1",0.448487062358551,-0.155986893179732,NA,NA,NA,7.28011686946347,7.12,1.46,0.0225,0.318,0.0228,0.202,48.45,6.37,11.17,37
"MG314","MonumentoGaribaldi","1",0.555352430086896,-0.172441195631811,NA,NA,NA,6.03495571689018,5.91,1.61,0.0205,0.378,0.0186,0.19,46.25,5.76,5.27,35.37
"MG315","MonumentoGaribaldi","1",0.494920512701931,-0.212014657189511,NA,NA,NA,5.86141810274021,5.74,1.55,0.0228,0.355,0.0146,0.135,46.51,5.87,9.54,34.63
"MG316","MonumentoGaribaldi","1",0.529928899630892,-0.177543422631435,NA,NA,NA,6.10099666833066,5.98,1.59,0.0217,0.388,0.0149,0.119,46.03,7.07,6.11,35.11
"MG317","MonumentoGaribaldi","1",0.552398735616024,-0.178918926871111,NA,NA,NA,5.88605795818247,5.77,1.63,0.022,0.378,0.0135,0.169,46.41,5.77,5.12,34.99
"MG318","MonumentoGaribaldi","1",0.515717306849215,-0.144329423851083,NA,NA,NA,6.8201039657409,6.69,1.56,0.021,0.378,0.0162,0.181,47.16,6.7,6.53,36.36
"MG319","MonumentoGaribaldi","1",0.473241418691191,-0.117065321989977,NA,NA,NA,7.16725611600391,7.04,1.69,0.0201,0.378,0.0151,0.231,48.94,11.87,2.27,37.01
"MG320","MonumentoGaribaldi","1",0.444508002577536,-0.0204559543710309,NA,NA,NA,8.71176789955507,8.5,1.66,0.0265,0.359,0.0275,0.386,53.45,10.81,2,41.04
"MG321","MonumentoGaribaldi","1",0.2111919095588,-0.143134940520027,NA,NA,NA,9.45003738568028,8.4,2.14,0.0187,0.444,0.0269,0.37,55.06,17.32,4.89,42.14
"MG322","MonumentoGaribaldi","1",0.263222912651342,-0.157962528923038,NA,NA,NA,11.0695566139619,9.66,2.19,0.0238,0.681,0.0561,0.249,54.15,16.34,3.13,42.85
"MG323","MonumentoGaribaldi","1",0.249877981692296,-0.187655088909442,NA,NA,NA,8.49632379531353,7.89,1.99,0.0176,0.413,0.0156,0.302,52.05,14.55,9.17,39.99
"MG324","MonumentoGaribaldi","1",0.277614011608215,-0.126315132751796,NA,NA,NA,9.62505952498577,9.27,1.85,0.0256,0.4,0.0199,0.327,54.92,13.41,7.12,40.33
"MG326","MonumentoGaribaldi","1",0.225298011242164,-0.366193260980738,NA,NA,NA,8.05340784058359,7.91,1.57,0.0223,0.48,0.0141,0.167,47.96,13.29,22.55,33.7
"MG327","MonumentoGaribaldi","1",0.356399255250237,0.0306533853302041,NA,NA,NA,11.779839933484,11.1,1.92,0.0219,0.452,0.0397,0.51,56.21,12.3,1.33,46.14
"MG328","MonumentoGaribaldi","1",0.363067770623624,-0.00267775911373769,NA,NA,NA,10.7467143171275,10.4,1.83,0.0223,0.387,0.0269,0.381,54.17,10.64,4.34,44.46
"MG329","MonumentoGaribaldi","1",0.492293287101493,-0.0618841344690259,NA,NA,NA,8.54176439119442,8.36,1.39,0.0272,0.333,0.0175,0.464,51.25,9.86,7.14,38.14
"MG330","MonumentoGaribaldi","1",0.33446861147058,0.0931007002028925,NA,NA,NA,12.5037922815497,11.9,1.87,0.0241,0.383,0.0594,0.475,57.41,12.76,1.18000000000001,49.08
"MG331","MonumentoGaribaldi","1",0.434082089422518,-0.0161794283172694,NA,NA,NA,7.97254513680661,7.75,1.74,0.0208,0.381,0.0435,0.381,52.56,10.78,1.56,42.72
"MG332","MonumentoGaribaldi","1",0.381217232628148,-0.0158948074516564,NA,NA,NA,8.88796017129792,8.57,1.81,0.0191,0.407,0.0576,0.415,53.97,13.76,0.410000000000004,43.67
"MG333","MonumentoGaribaldi","1",0.363950429126177,-0.00544589144312006,NA,NA,NA,8.91274913235561,8.71,1.61,0.0221,0.453,0.0303,0.299,53.72,16.18,1.4,41.02
"MG334","MonumentoGaribaldi","1",0.294621348385403,0.0517695245460571,NA,NA,NA,12.1264602746159,11.8,1.7,0.0237,0.422,0.0496,0.353,57.01,16.93,1.32,45.16
"PL301","PancrasLock","1",0.0959167866720859,0.0988806718432493,NA,NA,NA,30.3027436298135,21.9,2.77,0.0313,0.314,0.00429,0.0266,66.19,0.849999999999994,3.61,58.48
"PL302","PancrasLock","1",0.170676554571956,0.0953023887774049,NA,NA,NA,22.6837271855554,17.7,2.53,0.0279,0.312,0.00383,0.0348,63.09,0.990000000000002,3.92999999999999,55.58
"PL303","PancrasLock","1",0.248110023748834,0.0600648710135067,NA,NA,NA,17.2531949506981,14.4,2.32,0.0264,0.328,0.00416,0.0385,60.02,1.96,4.57999999999999,51.87
"PL304","PancrasLock","1",0.358153603589116,-0.0360420330028681,NA,NA,NA,8.98209510215572,8.86,1.73,0.023,0.301,0.00332,0.0662,52.34,2.66,10.85,43.38
"PL305","PancrasLock","1",0.304883599145534,-0.0316391616676724,NA,NA,NA,10.2497165058565,9.92,1.84,0.0249,0.306,0.00806,0.0964,54.41,2.18,11.81,45.57
"PL306","PancrasLock","1",0.245013465451502,-0.204950071483519,NA,NA,NA,11.1451831631083,9.91,2.13,0.0242,0.316,0.0138,0.0457,52.56,1.47,18.84,44.44
"PL307","PancrasLock","1",0.1137099637945,-0.0106539554682141,NA,NA,NA,19.9720250922467,16.5,2.34,0.0293,0.323,0.00692,0.0259,60.91,0.719999999999999,12.58,52.65
"PL308","PancrasLock","1",0.228001916927452,-0.131607746770224,NA,NA,NA,13.6812309544644,12.3,2.08,0.0262,0.33,0.00887,0.0793,54.69,2.19,17.02,46.17
"PL309","PancrasLock","1",0.408324975879324,0.0624119452265541,NA,NA,NA,10.4497897984206,10.3,1.75,0.0251,0.294,0.00474,0.176,54.67,3.79,5.52,45.8
"PL310","PancrasLock","1",0.282879544105634,-0.0193890319761341,NA,NA,NA,10.6698302679422,10.5,1.67,0.0263,0.362,0.00806,0.121,54.64,4.61,14.53,45.41
"PL311","PancrasLock","1",0.355317527283469,0.0257879225648827,NA,NA,NA,10.3554145610998,10.2,1.67,0.0258,0.329,0.00554,0.151,54.46,3.01,9.15,44.94
"PL312","PancrasLock","1",0.396610673245305,0.0239563891923991,NA,NA,NA,10.248037835239,10.1,1.64,0.0242,0.36,0.00609,0.135,53.67,5.91,8.06,44.05
"PL313","PancrasLock","1",0.403276300958131,0.0528148034980442,NA,NA,NA,9.30772314110593,9.18,1.58,0.0233,0.311,0.00378,0.0716,53.43,3.94,5.81,43.55
"PL314","PancrasLock","1",0.284527164421045,0.124022685429318,NA,NA,NA,16.6389287614427,16.4,1.74,0.0275,0.395,0.0099,0.182,59.74,6.31,5.94,49.2
"PL315","PancrasLock","1",0.170403996384674,-0.0766075809662613,NA,NA,NA,13.9216122774389,13.7,1.55,0.0285,0.347,0.0101,0.0825,55.33,4,20.48,44.38
"PL316","PancrasLock","1",0.245582527261219,0.0358593645180418,NA,NA,NA,15.4723120387189,13.4,2.2,0.027,0.311,0.00406,0.0284,58.63,0.920000000000002,7.02999999999999,50.45
"PL317","PancrasLock","1",0.164043906040739,0.0914056495461533,NA,NA,NA,24.2264955513924,18.7,2.56,0.0307,0.307,0.0043,0.0239,63.67,0.719999999999999,3.73,55.74
"PL318","PancrasLock","1",0.0717980180022597,0.0821378780599096,NA,NA,NA,33.0223255433981,23.1,2.88,0.0314,0.32,0.00386,0.0202,66.73,0.670000000000002,3.94,59.12
"PL319","PancrasLock","1",0.0841474693993838,0.103806842375949,NA,NA,NA,32.2921563807702,23.2,2.78,0.0318,0.305,0.00407,0.0312,66.6,0.690000000000012,3.51000000000001,58.78
"PL320","PancrasLock","1",0.0711709623446135,0.111237600337763,NA,NA,NA,34.2963431767768,24,2.87,0.0327,0.316,0.00453,0.022,67.51,0.679999999999993,2.70999999999999,59.83
"PL321","PancrasLock","1",-0.145423927737802,0.0407846984730271,NA,NA,NA,74.3973266171312,39.3,3.86,0.0366,0.358,0.00646,0.034,74.67,1.48,1.48999999999999,67.73
"PL322","PancrasLock","1",0.321063431207521,-0.0649466439673301,NA,NA,NA,10.1820731399708,9.94,1.81,0.0239,0.369,0.00609,0.053,52.98,2.39,12.3,43.83
"PL323","PancrasLock","1",0.321981652243983,-0.101949150021054,NA,NA,NA,9.73465310046692,9.6,1.72,0.0241,0.312,0.0036,0.0558,51.46,2.08,14.96,42.15
"PL324","PancrasLock","1",0.289934032553238,-0.0341790085434493,NA,NA,NA,10.7478267776119,10.6,1.71,0.0245,0.302,0.00437,0.0543,53.35,2.70999999999999,13.94,44.66
"PL325","PancrasLock","1",0.239034695390265,0.0489187195148294,NA,NA,NA,13.9377562181795,13.7,1.59,0.0306,0.317,0.0108,0.147,58.21,5.56,12.52,47.08
"PL326","PancrasLock","1",0.247914579716772,-0.192422046145135,NA,NA,NA,9.18605150435664,9.05,1.66,0.0223,0.319,0.00816,0.0549,50.34,2.4,22.07,40.79
"PL327","PancrasLock","1",0.288846967830192,-0.0674061458777184,NA,NA,NA,13.7275625907871,13.5,1.66,0.0237,0.322,0.0192,0.272,55.16,9.86,16.51,44.75
"PL328","PancrasLock","1",0.332410435907363,-0.16931299119382,NA,NA,NA,8.33065183104037,8.03,1.86,0.0217,0.322,0.00558,0.027,49.76,1.68,16.53,41.41
"PL329","PancrasLock","1",0.300875882685352,-0.208040007356628,NA,NA,NA,8.48614086775479,8.15,1.87,0.0218,0.325,0.0113,0.0577,49.7,1.86,19.6,41.45
"PL330","PancrasLock","1",0.240188047211416,-0.030090656714672,NA,NA,NA,11.8965568322914,11.7,1.58,0.0295,0.387,0.00728,0.15,55.63,3.9,16.61,44.93
"PL331","PancrasLock","1",0.290351954423381,-0.0644418165779064,NA,NA,NA,10.2579908390237,10.1,1.7,0.0265,0.387,0.00549,0.0845,53.26,2.02,15.01,43.79
"PL332","PancrasLock","1",0.151626472184019,0.109721733363792,NA,NA,NA,22.4649203016671,22.1,1.66,0.0374,0.434,0.00922,0.104,63.06,10.71,12.26,50.65
"PL333","PancrasLock","1",0.267996577849875,0.0660113156676448,NA,NA,NA,20.7959713273634,20.5,1.76,0.0302,0.385,0.00826,0.168,59.52,11.06,9.66999999999999,48.43
"PL334","PancrasLock","1",0.330032623508245,-0.0514673035464628,NA,NA,NA,9.65794051511359,9.51,1.7,0.0265,0.331,0.00417,0.101,53.15,2.75,13,43.43
"PL335","PancrasLock","1",0.325882971506926,-0.0204953572633624,NA,NA,NA,10.6751207077771,10.5,1.72,0.0274,0.411,0.00789,0.0812,54.4,3.61000000000001,11.16,44.49
"PL336","PancrasLock","1",0.0623482876081489,0.0929051200315607,NA,NA,NA,37.3896293852929,24.9,3.05,0.0337,0.357,0.00415,0.0173,68.09,0.940000000000012,2.45,60.91
"PL337","PancrasLock","1",0.157980781424513,0.0912257362739495,NA,NA,NA,23.4855626802493,18.5,2.49,0.0304,0.315,0.00452,0.0389,63.45,0.68,4.70999999999999,55.38
"PL338","PancrasLock","1",0.163203825587471,0.109985376579922,NA,NA,NA,23.8821594481066,18.8,2.49,0.031,0.309,0.00376,0.023,63.88,0.809999999999995,3.43,55.64
"PL339","PancrasLock","1",-0.0593507766062631,0.0894118393281554,NA,NA,NA,55.5251143169518,32.5,3.49,0.0361,0.336,0.00499,0.0223,72.43,0.440000000000012,1.36999999999999,65.47
"PL340","PancrasLock","1",0.153674933275047,0.102040541512236,NA,NA,NA,26.7080714349155,20.2,2.62,0.0314,0.297,0.00417,0.0426,64.53,1.01000000000001,3.2,56.68
"PL341","PancrasLock","1",0.0956041679316328,0.0914078934768034,NA,NA,NA,29.4206699073078,21.8,2.68,0.0312,0.312,0.006,0.0395,65.8,0.919999999999987,4.55,57.65
"PL401","PancrasLock","1",0.202004769557886,0.0654228606726199,NA,NA,NA,21.7623338005031,17.1,2.51,0.0282,0.329,0.00954,0.029,62.09,1.67,3.95,54.33
"PL402","PancrasLock","1",0.284229057134537,-0.115365737542983,NA,NA,NA,9.80732850471601,9.63,1.72,0.0257,0.36,0.0137,0.113,52.79,2.87,17.08,43.11
"PL403","PancrasLock","1",0.36809378402138,-0.126573467602496,NA,NA,NA,7.87206760990069,7.75,1.76,0.0219,0.319,0.00731,0.0314,49.86,2.15,13.91,41.15
"PL404","PancrasLock","1",0.277045674178254,-0.0765991514160187,NA,NA,NA,14.8127667959871,14.6,1.66,0.0265,0.343,0.00909,0.0868,54.85,9.84,15.63,43.47
"PL405","PancrasLock","1",0.250344953807657,-0.0304563117592933,NA,NA,NA,15.1153792703023,14.9,1.69,0.0284,0.36,0.00624,0.202,56.61,8.56,16.25,45.98
"PL406","PancrasLock","1",0.377411168724134,-0.0840398994769218,NA,NA,NA,10.9452737374509,9.5,2.22,0.0227,0.3,0.00259,0.04,53.25,0.759999999999998,7.03,45.08
"PL407","PancrasLock","1",0.419739486744139,-0.0826573881041426,NA,NA,NA,10.1164573198265,8.99,2.14,0.0211,0.289,0.0034,0.0471,51.95,1.51000000000001,6.25,43.88
"PL408","PancrasLock","1",0.333023193607786,-0.120950108700832,NA,NA,NA,9.7907860697469,8.9,2.06,0.0223,0.307,0.00837,0.0195,52.18,0.859999999999999,11.78,43.98
"PL409","PancrasLock","1",0.0746361149119319,-0.0580052891049439,NA,NA,NA,22.4180716674822,19,2.24,0.0312,0.347,0.0145,0.0208,60.52,2,16.65,51.64
"PL410","PancrasLock","1",0.124623701903219,-0.0973864040122967,NA,NA,NA,17.3950286812022,14.8,2.25,0.0287,0.328,0.021,0.0485,59.06,3.34999999999999,16.95,50.42
"PL411","PancrasLock","1",0.250841383580848,0.214622300939403,NA,NA,NA,33.3473807871159,31.7,1.86,0.0741,0.344,0.0111,0.249,70.36,15.39,6.33,55.54
"PL412","PancrasLock","1",0.260363308795285,0.0518930958863375,NA,NA,NA,16.061940905493,14.1,2.15,0.0279,0.332,0.0116,0.0619,60.49,3.05,4.02,49.94
"PL413","PancrasLock","1",0.143480043304207,0.115659967898193,NA,NA,NA,26.0725718998843,19.9,2.59,0.031,0.302,0.00424,0.0217,64.67,0.579999999999998,3.06999999999999,56.89
"PL414","PancrasLock","1",0.0976222401904877,0.0869086633061589,NA,NA,NA,32.4357696996783,23,2.83,0.0312,0.317,0.011,0.0514,66.54,1.47,3.19999999999999,58.83
"PL415","PancrasLock","1",0.111473552678437,0.0425668593155534,NA,NA,NA,33.0730801254743,22.3,3.03,0.0297,0.318,0.00371,0.022,65.68,1.09999999999999,2.97,58.56
"PL416","PancrasLock","1",0.263101755365058,0.0828666693270758,NA,NA,NA,17.3181734429782,15,2.19,0.0273,0.352,0.0113,0.0966,60,1.81,4.39,51.72
"PL417","PancrasLock","1",0.291718098630714,0.00138869426416385,NA,NA,NA,10.6563326309372,10.5,1.76,0.0255,0.318,0.00441,0.0697,54.75,1.22000000000001,11.2,45.69
"PL418","PancrasLock","1",0.281494115443311,0.0239223309723615,NA,NA,NA,13.6934580291994,13.3,1.79,0.0316,0.419,0.0373,0.127,59.03,3.64,7.45,47.53
"PL419","PancrasLock","1",0.301410262346043,-0.0300169658456751,NA,NA,NA,21.0854573680151,19.9,1.89,0.0346,0.676,0.0607,0.168,60,11.13,8.04000000000001,47.89
"PL420","PancrasLock","1",0.394233419501655,0.0329020997935014,NA,NA,NA,10.777050876021,10.6,1.77,0.0242,0.41,0.00898,0.0901,54.4,4.24,5.54,44.99
"PL421","PancrasLock","1",0.391873294884079,0.0239045724638438,NA,NA,NA,10.5475133224164,10.3,1.8,0.0243,0.528,0.0149,0.0776,55.06,3.94,4.27,44.79
"PL422","PancrasLock","1",0.327507974258738,-0.111748615698035,NA,NA,NA,8.49076840497353,8.35,1.77,0.0235,0.413,0.00664,0.0547,51.32,1.81,14.83,42.36
"PL423","PancrasLock","1",0.224607837535879,-0.0603697401985278,NA,NA,NA,12.9430130088806,12.7,1.56,0.0291,0.43,0.017,0.116,55.53,6.13,18.03,44.53
"PL424","PancrasLock","1",0.369222668762229,-0.0644155139180889,NA,NA,NA,8.70436922429132,8.55,1.67,0.0253,0.41,0.0109,0.0829,51.86,3.41,12.25,42.48
"PL425","PancrasLock","1",0.337578548544569,-0.061508828557257,NA,NA,NA,8.68478359000865,8.53,1.51,0.0239,0.316,0.0132,0.0986,51.51,2.66,14.34,41.84
"PL426","PancrasLock","1",0.396083500185189,-0.0473226881846065,NA,NA,NA,7.78114449875606,7.67,1.62,0.0231,0.298,0.00289,0.0278,50.59,1.27,10.09,41.24
"PL427","PancrasLock","1",0.4107819808956,0.00665019772890332,NA,NA,NA,10.1525242663799,9.96,1.78,0.025,0.343,0.0105,0.069,53.61,3.58,5.57,44.02
"PL428","PancrasLock","1",0.311408494564029,-0.0418558759678628,NA,NA,NA,10.8670404565737,10.6,1.81,0.027,0.302,0.00577,0.0513,53.72,2.37,12.49,44.92
"PL429","PancrasLock","1",0.365261777993432,0.00382982601524332,NA,NA,NA,10.9877319433145,10.3,1.95,0.0237,0.304,0.00403,0.0382,54.22,1.9,6.3,45.73
"PL430","PancrasLock","1",0.318293964931198,0.0172331759161442,NA,NA,NA,13.7781693290064,12,2.19,0.0237,0.293,0.00267,0.0214,56.35,0.900000000000006,5.02,48.45
"PL431","PancrasLock","1",0.150318978919798,0.0978962772273281,NA,NA,NA,27.0208665175976,20,2.7,0.0294,0.308,0.00388,0.0352,64.5,0.659999999999997,2.67,57.12
"PL432","PancrasLock","1",0.302567754325867,0.0564287258150862,NA,NA,NA,14.3587769740565,12.9,2.08,0.0259,0.313,0.00649,0.039,57.44,1.91999999999999,5.26000000000001,49.31
"PL433","PancrasLock","1",0.38026214637752,0.0265352431094963,NA,NA,NA,11.0394534896901,10.5,1.9,0.0259,0.338,0.0047,0.0423,54.8,2.63,5.11,45.75
"PL434","PancrasLock","1",0.404245575388651,0.0106271326577855,NA,NA,NA,9.18928849040118,9.05,1.66,0.0258,0.345,0.0039,0.0727,53.13,3.91,7.36,43.26
"PL435","PancrasLock","1",0.384880110759739,0.0747677877696836,NA,NA,NA,10.8716192434993,10.7,1.52,0.0266,0.33,0.00757,0.0595,55.28,7.2,5.64,44.14
"PL436","PancrasLock","1",0.401945199298529,0.0330238634420262,NA,NA,NA,9.46725813888962,9.32,1.44,0.0264,0.32,0.00465,0.086,52.69,4.41999999999999,8.46,42.3
"PL437","PancrasLock","1",0.146615635505385,0.122989342740481,NA,NA,NA,41.3051654700311,33.8,2.29,0.0359,0.39,0.0122,0.385,67.7,15.26,7.81999999999999,56.68
"PL438","PancrasLock","1",0.234201933513867,0.238582327799354,NA,NA,NA,27.8258267449492,27.2,1.31,0.0615,0.38,0.00665,0.23,68.07,18.42,8.55000000000001,51.16
"PL439","PancrasLock","1",0.33375177380198,0.183650748140728,NA,NA,NA,23.1366700946961,22.4,1.21,0.0796,0.459,0.0114,0.224,66.35,12.07,8.2,47.76
"RF301","RegentsParkFields","1",0.617868656635734,-0.23606530838915,NA,NA,NA,7.24967909144875,7.12,1.63,0.0204,0.454,0.0152,0.259,47.21,7.35,17.84,37.5
"RF302","RegentsParkFields","1",0.789595314429786,-0.118587668769639,NA,NA,NA,7.78724401893103,7.64,1.71,0.0211,0.557,0.0182,0.384,51,10.93,9.87,40.37
"RF304","RegentsParkFields","1",0.519939290023489,-0.220054297879045,NA,NA,NA,6.04937377521438,5.93,1.45,0.0221,0.469,0.0139,0.147,47.16,5.21,16.16,35.51
"RF305","RegentsParkFields","1",0.341082793065156,-0.23440785172081,NA,NA,NA,9.0747778371142,8.92,1.51,0.0221,0.524,0.0146,0.142,49.22,5.08,23.49,38.71
"RF306","RegentsParkFields","1",0.582603374954035,-0.0306728760269482,NA,NA,NA,10.2893490688443,10,1.46,0.0249,0.578,0.046,0.248,56.72,11.49,6.91,41.97
"RF307","RegentsParkFields","1",0.313167477368493,-0.154079561436437,NA,NA,NA,6.57965587025318,6.46,1.29,0.022,0.376,0.0118,0.113,47.89,2.15000000000001,18.34,37.37
"RF308","RegentsParkFields","1",0.338381891660433,-0.197174623233633,NA,NA,NA,10.1735747263613,10,1.29,0.0242,0.505,0.0137,0.185,51.15,8.83,24.46,38.41
"RF309","RegentsParkFields","1",0.213032092457879,-0.261263807237545,NA,NA,NA,8.52508361535976,8.34,1.29,0.0235,0.382,0.0242,0.121,49.88,4.5,26.28,36.95
"RF310","RegentsParkFields","1",0.187425983887118,-0.156026996668878,NA,NA,NA,10.1401780386767,9.97,1.3,0.0271,0.398,0.00846,0.34,53.4,3.24,22.03,39.12
"RF311","RegentsParkFields","1",0.158317424403008,-0.12126257355375,NA,NA,NA,15.4287311292673,15.1,1.21,0.0359,0.422,0.0201,0.192,57.02,9.23,24.86,41.6
"RF312","RegentsParkFields","1",0.341720601345237,-0.212527171774653,NA,NA,NA,7.11883510114392,6.95,1.28,0.0236,0.502,0.0251,0.107,48.62,4.66,20.45,36.44
"RF313","RegentsParkFields","1",0.47930467790922,-0.18290824389647,NA,NA,NA,9.03798774445955,8.78,1.54,0.0289,0.647,0.037,0.104,51.38,7.31,16.75,39.7
"RF314","RegentsParkFields","1",0.75775911287173,-0.0851483469244593,NA,NA,NA,9.42799749386785,9.09,1.64,0.037,0.714,0.0476,0.113,51.68,9.89,6.26,41.08
"RF315","RegentsParkFields","1",0.636592106630354,-0.0764129901868021,NA,NA,NA,7.74565781496482,7.58,1.52,0.0233,0.574,0.0214,0.133,50.35,7.73999999999999,7.46,39.24
"RF316","RegentsParkFields","1",0.67713474610447,-0.125200940085278,NA,NA,NA,8.88143110065327,8.67,1.57,0.0223,0.527,0.0329,0.18,51.35,10.49,9.45,39.22
"RF317","RegentsParkFields","1",0.494015320528063,-0.163812064131544,NA,NA,NA,6.01210738063446,5.92,1.41,0.0217,0.428,0.00379,0.0481,46.03,3.94,14.63,36.19
"RF318","RegentsParkFields","1",0.48821680868571,-0.172048991992062,NA,NA,NA,7.28707590066278,7.16,1.42,0.0234,0.518,0.00963,0.136,47.86,5.72,16.79,37.26
"RF319","RegentsParkFields","1",0.373428636059202,-0.0564005456728365,NA,NA,NA,7.53404435161883,7.39,1.04,0.0286,0.362,0.00685,0.122,50.44,4.12,9.72,35.19
"RF320","RegentsParkFields","1",0.312338068961396,-0.149505355017522,NA,NA,NA,8.90780957999717,8.77,1.5,0.0248,0.483,0.00575,0.0316,50.09,3.48,19.24,39.99
"RF321","RegentsParkFields","1",0.400110841853734,-0.0836130615406524,NA,NA,NA,11.5785330289254,11.4,1.61,0.0275,0.392,0.00629,0.0383,52.53,6.45,15.9,42.71
"RF322","RegentsParkFields","1",0.338259743439391,-0.227760775708095,NA,NA,NA,7.88504373685179,7.76,1.42,0.0232,0.496,0.00714,0.0641,47.81,4.45,23.18,37.43
"RF323","RegentsParkFields","1",0.327055868403949,-0.186421965668996,NA,NA,NA,8.44052070282007,8.27,1.3,0.0249,0.479,0.0177,0.0749,49.53,5.43,20.68,37.51
"RF324","RegentsParkFields","1",0.582153267325543,-0.0541550942725965,NA,NA,NA,13.260629016039,13.1,1.69,0.023,0.319,0.00485,0.0715,52.25,10.05,10.52,42.49
"RF325","RegentsParkFields","1",0.475871904342692,-0.150522704562221,NA,NA,NA,6.14980873630508,6.03,1.43,0.0245,0.54,0.01,0.0414,47.41,3.89,14.38,37.26
"RF326","RegentsParkFields","1",0.4375287617027,-0.13444284570354,NA,NA,NA,6.01426179102354,5.92,1.34,0.023,0.365,0.00269,0.0559,46.42,1.9,12.33,35.7
"RF327","RegentsParkFields","1",0.533243850892031,-0.00126259070606834,NA,NA,NA,13.2729568337884,13.1,1.47,0.0255,0.363,0.00412,0.158,53.75,10.43,9.71,42.09
"RF328","RegentsParkFields","1",0.471188772484735,-0.141681484301515,NA,NA,NA,6.37262799311725,6.24,1.4,0.0248,0.515,0.0135,0.0749,47.29,3.29,13.33,37.05
"RF329","RegentsParkFields","1",0.522731455986631,-0.158358667777157,NA,NA,NA,6.88200684559757,6.71,1.35,0.0245,0.582,0.0262,0.0729,48.45,6.56,13.3,36.55
"RF330","RegentsParkFields","1",0.471585862098064,-0.150132467338442,NA,NA,NA,5.4688130540715,5.38,1.28,0.0228,0.397,0.00291,0.0844,44.7,1.83,12.53,34.39
"RF331","RegentsParkFields","1",0.42908498510054,-0.117736075869032,NA,NA,NA,6.05484441987026,5.95,1.25,0.0243,0.505,0.00479,0.0747,46.44,2.43,12.93,35.79
"RF332","RegentsParkFields","1",0.505773598217544,-0.0750136386860163,NA,NA,NA,7.65432890842464,7.49,1.28,0.0292,0.464,0.0125,0.102,48.3,4.59,10,37.2
"RF333","RegentsParkFields","1",0.639207839767332,-0.0914978354836018,NA,NA,NA,8.36634082904036,8.17,1.55,0.0231,0.531,0.0292,0.149,49,7.01000000000001,8.34,39.59
"RF334","RegentsParkFields","1",0.465064656305464,-0.125384551611433,NA,NA,NA,8.99194270165875,8.81,1.38,0.0247,0.409,0.0195,0.158,48.95,5.64,14.53,38.42
"RF335","RegentsParkFields","1",0.323984400199801,-0.180966997595531,NA,NA,NA,6.3036687842119,6.18,1.26,0.0241,0.53,0.0114,0.0746,47.81,2.65000000000001,18.56,36.01
"RF336","RegentsParkFields","1",0.570345119812518,-0.107489765828148,NA,NA,NA,8.06080019036061,7.92,1.65,0.0263,0.447,0.0072,0.12,49.65,4.67,9.77,39.5
"RF337","RegentsParkFields","1",0.328164249527279,-0.199357462536087,NA,NA,NA,5.57715616631319,5.48,1.16,0.0229,0.365,0.0058,0.0801,45.7,1.74,18.33,33.67
"RF338","RegentsParkFields","1",0.456476886465105,-0.159769618884723,NA,NA,NA,6.10269464667513,5.99,1.32,0.0236,0.534,0.00875,0.103,46.44,2.72,13.28,35.14
"RF339","RegentsParkFields","1",0.364722882113322,-0.206719285087311,NA,NA,NA,10.0765655810255,9.89,1.38,0.0256,0.492,0.0157,0.0966,50.54,8.04000000000001,22.85,38.37
"RF340","RegentsParkFields","1",0.212693016977015,-0.209372026645627,NA,NA,NA,11.003954644437,10.8,1.23,0.03,0.655,0.0111,0.079,52.96,7.15,24.5,37.29
"RF341","RegentsParkFields","1",0.351885758369809,-0.13451617401215,NA,NA,NA,5.9751815425053,5.87,1.13,0.0244,0.382,0.00511,0.0591,46.79,1.94,14.1,34.35
"RF342","RegentsParkFields","1",0.428851921663204,-0.152819996284957,NA,NA,NA,8.0415366692625,7.87,1.36,0.0261,0.455,0.0179,0.148,49.8,6.16999999999999,17.66,38.33
"RF343","RegentsParkFields","1",0.54325163118684,-0.0689876160520236,NA,NA,NA,8.10050783639196,7.93,1.3,0.0243,0.457,0.02,0.184,49.82,8.01000000000001,12.1,39
"RF344","RegentsParkFields","1",0.683797356690387,-0.000946634088714704,NA,NA,NA,9.9857065090897,9.81,1.45,0.0232,0.453,0.0164,0.229,52.45,11.18,5.94,40.89
"RP301","RegentsParkJapan","1",0.702204350434198,-0.127889391352852,NA,NA,NA,7.64652582902469,7.52,1.76,0.0212,0.477,0.0107,0.147,48.91,5.86,8.47000000000001,38.54
"RP302","RegentsParkJapan","1",0.69532199047654,-0.0796846568376991,NA,NA,NA,9.49016168534216,9.15,1.85,0.0227,0.583,0.0183,0.249,52.39,7.05,6.97,41.58
"RP303","RegentsParkJapan","1",0.746022353120937,-0.0527569160256562,NA,NA,NA,9.70886180100327,9.23,1.9,0.0222,0.624,0.0206,0.175,52.5,9.33,5.14,42.6
"RP304","RegentsParkJapan","1",0.778851569624861,-0.124417516715938,NA,NA,NA,9.17516677646634,8.49,2,0.0203,0.484,0.0116,0.105,49.92,8.63,7.25,40.86
"RP305","RegentsParkJapan","1",0.498127407986815,-0.205684082280864,NA,NA,NA,12.0123756134556,10.7,2.12,0.0234,0.343,0.00939,0.0544,52.06,3.39,19.42,43.81
"RP306","RegentsParkJapan","1",0.584233067936103,-0.0852706802822269,NA,NA,NA,16.8054597198544,12.9,2.64,0.0207,0.298,0.00274,0.0552,56.76,1.06,9.02,50.14
"RP307","RegentsParkJapan","1",0.582607136249951,-0.0455071871881774,NA,NA,NA,20.7772740429966,15.3,2.77,0.0225,0.307,0.0067,0.0527,59.44,2.19,6.82000000000001,52.71
"RP308","RegentsParkJapan","1",0.549896718702154,-0.00499937240112971,NA,NA,NA,24.1471762253608,17.1,2.9,0.0234,0.291,0.00282,0.103,61.86,0.560000000000002,5.09,55.08
"RP309","RegentsParkJapan","1",0.518595654153375,0.0444743089689551,NA,NA,NA,34.1716902572211,22,3.22,0.0273,0.323,0.00379,0.0841,66.41,0.600000000000009,1.93000000000001,59.69
"RP310","RegentsParkJapan","1",0.491947767937069,0.0135520426978377,NA,NA,NA,51.6817845252373,28.8,3.75,0.0318,0.335,0.00505,0.0837,70.54,0.579999999999998,0.61999999999999,63.93
"RP311","RegentsParkJapan","1",0.465705879364587,0.0265424038611528,NA,NA,NA,51.1879332876465,28.9,3.69,0.0307,0.335,0.00384,0.0752,70.46,0.469999999999999,1.08000000000001,63.95
"RP312","RegentsParkJapan","1",0.454285107231952,0.0897086592739614,NA,NA,NA,28.4557791129641,20.9,2.72,0.0284,0.296,0.00456,0.123,64.49,1.05,4.23,57.07
"RP313","RegentsParkJapan","1",0.420465758523579,0.0759273083888943,NA,NA,NA,15.8553304284976,14.9,1.93,0.0257,0.261,0.00464,0.255,58.36,2.75,11.07,50.37
"RP314","RegentsParkJapan","1",0.318575563087355,-0.0957978925699154,NA,NA,NA,14.0261942515595,13.6,1.83,0.0262,0.326,0.0099,0.0841,55.51,3.37,20.85,46.21
"RP315","RegentsParkJapan","1",0.373884347372531,-0.151417647082401,NA,NA,NA,15.1336037275375,13.5,2.1,0.0262,0.322,0.0121,0.063,55.52,3,20.95,46.92
"RP316","RegentsParkJapan","1",0.449916040087203,-0.0781437206008178,NA,NA,NA,16.5584343913074,13.5,2.41,0.0226,0.329,0.00547,0.0245,57.22,0.880000000000003,13.48,50
"RP317","RegentsParkJapan","1",0.348241892432945,0.13141896689678,NA,NA,NA,54.0803994990736,32,3.45,0.0373,0.376,0.00585,0.0242,72.81,0.599999999999994,0.730000000000004,65.92
"RP318","RegentsParkJapan","1",0.458105222048773,0.0370608138240464,NA,NA,NA,46.2896918535935,27.3,3.52,0.0328,0.355,0.00452,0.0219,69.58,0.510000000000005,1.89,62.87
"RP319","RegentsParkJapan","1",0.481610900977353,0.0646938314012896,NA,NA,NA,43.4023202667704,26,3.47,0.0315,0.353,0.00396,0.0224,69.38,0.490000000000009,0.329999999999998,62.8
"RP320","RegentsParkJapan","1",0.544614683284678,-0.0256367763997864,NA,NA,NA,31.71274142668,20.2,3.29,0.0267,0.339,0.00729,0.031,64.92,0.5,4.13,58.47
"RP321","RegentsParkJapan","1",0.590968490043802,-0.0292683578449059,NA,NA,NA,23.2103016201,16.2,2.97,0.0243,0.331,0.00372,0.0462,61.14,0.670000000000002,4.73,54.65
"RP322","RegentsParkJapan","1",0.627939328526461,-0.0414209141826624,NA,NA,NA,14.7761651656336,11.6,2.57,0.0216,0.304,0.00295,0.0241,56.29,0.589999999999996,5.39,49.7
"RP323","RegentsParkJapan","1",0.614982524379172,-0.122638267608065,NA,NA,NA,10.7818204683801,9.09,2.33,0.0199,0.31,0.00405,0.0316,52.26,0.640000000000001,10.47,45.56
"RP324","RegentsParkJapan","1",0.691694473165219,-0.154741557835008,NA,NA,NA,9.79955940143314,8.39,2.28,0.0195,0.309,0.00366,0.109,50.15,0.900000000000006,9.63,43.15
"RP325","RegentsParkJapan","1",0.640741638811399,-0.134121141545206,NA,NA,NA,9.08193996059241,8.22,2.08,0.02,0.333,0.00577,0.104,50.47,2.64,11.14,42.64
"RP326","RegentsParkJapan","1",0.720421657395985,-0.167261241489139,NA,NA,NA,8.6344326844888,7.55,2.21,0.0178,0.347,0.00538,0.0942,49.34,2.85,9.54,41.87
"RP327","RegentsParkJapan","1",0.775354831739861,-0.166977943101745,NA,NA,NA,9.68336803500235,8.38,2.24,0.0181,0.437,0.011,0.122,50.17,5.78,7.96,41.92
"RP328","RegentsParkJapan","1",0.736841269185032,-0.172189956850207,NA,NA,NA,8.41437751391753,7.46,2.16,0.0179,0.349,0.00546,0.091,48.55,3,9.05,40.87
"RP329","RegentsParkJapan","1",0.666041930407621,-0.126128257851543,NA,NA,NA,10.2242704551228,8.84,2.24,0.0181,0.292,0.0033,0.118,50.92,1.48999999999999,9.43,43.88
"RP330","RegentsParkJapan","1",0.68905142444063,-0.0684298000324869,NA,NA,NA,16.2674899803776,12.2,2.74,0.0207,0.32,0.00297,0.0774,56.76,1.14,3.97,49.85
"RP331","RegentsParkJapan","1",0.590632489540626,-0.0392924758847014,NA,NA,NA,23.0203998476989,16,2.99,0.0232,0.316,0.00279,0.0295,60.98,0.530000000000001,4.74,54.39
"RP332","RegentsParkJapan","1",0.419608894152234,-0.0423614115898435,NA,NA,NA,31.9742230064857,21.3,3.09,0.0267,0.352,0.00442,0.0265,64.4,0.660000000000011,10.32,57.99
"RP333","RegentsParkJapan","1",0.505971433173528,0.0382608552493082,NA,NA,NA,41.9872946109021,25,3.51,0.03,0.364,0.00389,0.029,68.93,0.530000000000001,0.459999999999994,62.14
"RP334","RegentsParkJapan","1",0.632043767650136,-0.03730044852637,NA,NA,NA,18.597150233799,13.6,2.82,0.0231,0.313,0.00318,0.0209,58.76,0.670000000000002,4.35,52.33
"RP335","RegentsParkJapan","1",0.656569039844315,-0.141088766951622,NA,NA,NA,16.3405391568446,12.4,2.69,0.0227,0.465,0.0206,0.0915,57.5,5.51,9.84999999999999,49.68
"RS401","RussellSq","1",0.494260722882067,0.00370372341068687,NA,NA,NA,8.61753744219486,8.49,1.34,0.0247,0.385,0.00348,0.0662,51.22,5.13,11.09,40.91
"RS402","RussellSq","1",0.423245142369956,-0.0018502606907683,NA,NA,NA,12.3573556770421,12.2,1.36,0.0251,0.336,0.00258,0.387,54.68,5.85,16.23,43.48
"RS403","RussellSq","1",0.362548081526497,0.103333951720255,NA,NA,NA,28.2047558367112,27.7,1.64,0.0432,0.382,0.0141,0.365,64.72,10.01,11.76,51.12
"RS404","RussellSq","1",0.524897821381442,-0.051061805151553,NA,NA,NA,10.1721440887212,9.99,1.47,0.0242,0.399,0.0162,0.429,52.49,2.88,15.45,42.64
"RS405","RussellSq","1",0.403751399632899,0.0643474377626929,NA,NA,NA,19.1740501488002,18.7,1.43,0.0518,0.459,0.0161,0.4,61.35,11.02,13.02,47.38
"RS406","RussellSq","1",0.416834346002112,0.028846237474897,NA,NA,NA,14.9744862638861,14.7,1.6,0.0307,0.421,0.0167,0.377,57.41,6.5,15.07,47.95
"RS407","RussellSq","1",0.481825276706598,-0.0932717091994242,NA,NA,NA,9.85303494050581,9.65,1.54,0.0237,0.424,0.0242,0.305,51.99,2.62,17.85,42.94
"RS408","RussellSq","1",0.473785820432088,0.0502775073989955,NA,NA,NA,13.3916631053618,13.1,1.64,0.0287,0.44,0.0284,0.261,57.21,2.51,11.56,48.39
"RS409","RussellSq","1",0.49877387111508,-0.000109681172976273,NA,NA,NA,10.4704967627693,10.3,1.45,0.0261,0.374,0.0091,0.259,53.18,3.25,13.61,43.53
"RS410","RussellSq","1",0.364822289409713,0.0310201595630013,NA,NA,NA,12.7965611254676,12.6,1.33,0.03,0.342,0.00429,0.117,56.06,5.74,15.24,44.42
"RS411","RussellSq","1",0.423922190478781,-0.0589209921317454,NA,NA,NA,10.3505315086602,10.2,1.37,0.0256,0.369,0.00445,0.194,52.96,3.62,17.54,41.59
"RS412","RussellSq","1",0.434811291435508,0.0419696356091775,NA,NA,NA,11.4654135808252,11.3,1.46,0.0271,0.362,0.00363,0.0589,54.74,3.98999999999999,12.26,44.79
"RS413","RussellSq","1",0.44981000018737,0.0220305616298902,NA,NA,NA,11.6701463931822,11.5,1.48,0.0259,0.403,0.00622,0.234,54.55,5.27,13.12,44.63
"RS414","RussellSq","1",0.541802368293178,-0.060055448759428,NA,NA,NA,9.45287313231961,9.31,1.54,0.0231,0.44,0.00831,0.178,51.31,2.04,12.71,41.31
"RS415","RussellSq","1",0.411857759199256,0.0612796842803056,NA,NA,NA,12.8094020024001,12.6,1.49,0.0303,0.377,0.00706,0.148,56.84,4.56,12.76,46.61
"RS416","RussellSq","1",0.467185462856754,0.0676658065411444,NA,NA,NA,12.1298170769528,11.9,1.46,0.0341,0.466,0.00849,0.132,56.16,4.22000000000001,10.81,45.73
"RS417","RussellSq","1",0.385305255495517,-0.00573443815758093,NA,NA,NA,11.5874333923783,11.4,1.4,0.0291,0.473,0.00626,0.1,55.01,3.54,16.87,44.24
"RS418","RussellSq","1",0.314554566024914,-0.0452831336863267,NA,NA,NA,12.9040668185043,12.7,1.26,0.0295,0.358,0.00668,0.148,55.21,5.75,20.57,42.69
"RS419","RussellSq","1",0.449082231982433,0.0601735296964711,NA,NA,NA,12.4819477680947,12.3,1.27,0.0286,0.32,0.00339,0.384,55.81,3.92,14.47,44.59
"RS420","RussellSq","1",0.484471773838843,-0.0209338475195572,NA,NA,NA,11.3521974045877,11.2,1.54,0.0235,0.39,0.00571,0.276,52.57,7.36,12.64,42.96
"RS421","RussellSq","1",0.446730069312088,0.078070219105662,NA,NA,NA,13.2999800634244,13.1,1.48,0.028,0.336,0.00699,0.355,56.43,6.84,11.83,46.75
"RS422","RussellSq","1",0.372915044898212,0.060805333807878,NA,NA,NA,13.5988258079616,13.4,1.41,0.0269,0.406,0.0077,0.0886,56.83,6.51000000000001,11.78,45.38
"RS423","RussellSq","1",0.439657808841877,0.0237193144591591,NA,NA,NA,11.1622866531811,11,1.46,0.0272,0.339,0.00335,0.128,54.61,4.69,12.62,44.15
"RS424","RussellSq","1",0.433193188053198,0.0390541541826311,NA,NA,NA,10.1434074389197,10,1.42,0.0254,0.32,0.00321,0.0661,53.61,7.77,10.17,43.2
"RS425","RussellSq","1",0.532662082317375,-0.00399179116655232,NA,NA,NA,7.95711591924443,7.84,1.37,0.0232,0.364,0.00424,0.07,50.24,4.72000000000001,9.9,40.31
"RS426","RussellSq","1",0.408036424365484,0.095874638004389,NA,NA,NA,12.5857961921988,12.4,1.4,0.0278,0.366,0.00534,0.0521,55.65,9.33000000000001,8.3,45
"RS427","RussellSq","1",0.457499335965905,0.0187280701385333,NA,NA,NA,11.3679893716164,11.2,1.6,0.0263,0.404,0.00576,0.0877,54.74,4.98,10.69,44.78
"RS428","RussellSq","1",0.413301109609849,0.0702397491682937,NA,NA,NA,13.0926419619405,12.9,1.54,0.0291,0.362,0.00398,0.105,56.78,5.91,10.91,46.59
"RS429","RussellSq","1",0.517440396808229,-0.0125036380793345,NA,NA,NA,8.30385616739431,8.17,1.38,0.0254,0.351,0.00543,0.108,51.47,3.06,11.65,41.03
"RS430","RussellSq","1",0.452735366847336,-0.017507461234558,NA,NA,NA,11.0597547649841,10.9,1.52,0.0251,0.465,0.00605,0.142,52.98,9.49,10.54,42.12
"RS431","RussellSq","1",0.474908437437352,-0.020175535189813,NA,NA,NA,11.1577654168637,11,1.63,0.0248,0.488,0.00572,0.137,53.24,7.17,10.8,43.3
"RS432","RussellSq","1",0.388667793506641,0.0678887732107939,NA,NA,NA,14.3156170948002,14.1,1.67,0.0283,0.375,0.00809,0.174,57.79,7.82,11.3,48.39
"RS433","RussellSq","1",0.467959289055612,0.00609299594461865,NA,NA,NA,9.84400870114745,9.69,1.47,0.0249,0.454,0.00786,0.135,52.89,7.58,10.24,42.52
"RS434","RussellSq","1",0.399880016435036,0.129067991216417,NA,NA,NA,12.8032208349326,12.6,1.48,0.0303,0.389,0.00551,0.0725,58.4,5.82,8.34,47.67
"RS435","RussellSq","1",0.501242268948442,-0.0334821558390685,NA,NA,NA,8.99112005252561,8.82,1.43,0.0265,0.457,0.0134,0.0849,51.68,5.49,10.96,40.85
"RS436","RussellSq","1",0.4086411249333,0.128370936758582,NA,NA,NA,15.2355941483386,15,1.53,0.0328,0.398,0.00401,0.0798,58.43,7.06,8.79,48.28
"RS437","RussellSq","1",0.510687020339636,-0.0690508060624191,NA,NA,NA,8.27471475407716,8.13,1.48,0.0226,0.509,0.0133,0.182,50.06,6.09999999999999,13.1,40.52
"RS438","RussellSq","1",0.425131874791122,0.130154182630988,NA,NA,NA,15.2234181681106,15,1.53,0.0305,0.314,0.00471,0.154,58.45,4.85,9.81999999999999,48.81
"RS439","RussellSq","1",0.439669308226229,0.0169096788340277,NA,NA,NA,11.3806601028089,11.2,1.42,0.0262,0.393,0.00932,0.104,53.62,5.34,13.08,43.78
"RS440","RussellSq","1",0.372394297144185,0.068058222158456,NA,NA,NA,13.6197221727942,13.4,1.54,0.0274,0.371,0.012,0.141,56.66,11.53,9.71000000000001,46.4
"SM401","SanMarco","1",0.324315580884132,-0.204477380361194,NA,NA,NA,6.29128816644561,6.17,0.92,0.0272,0.323,0.00588,0.14,48.05,2.11,17.39,32.16
"SM402","SanMarco","1",0.258056614648944,-0.124456628842437,NA,NA,NA,7.75153370176301,7.61,0.939,0.0287,0.316,0.00498,0.17,51.16,2.04,16.78,34.81
"SM403","SanMarco","1",0.362150356670417,-0.110186568639617,NA,NA,NA,7.05110053614596,6.93,1.13,0.0264,0.332,0.00387,0.084,49.09,2.02,13.94,36.57
"SM404","SanMarco","1",0.279015225239834,-0.193929592932195,NA,NA,NA,7.93173988765179,7.79,1.11,0.0266,0.383,0.00753,0.0688,49.38,3.73,20.95,35.89
"SM405","SanMarco","1",0.409582507988628,-0.14317236683651,NA,NA,NA,6.82244013899306,6.7,1.16,0.0255,0.399,0.0066,0.0624,48.86,4.41,14.07,35.76
"SM406","SanMarco","1",0.308015709525099,-0.253716906388035,NA,NA,NA,7.56491816613863,7.44,1.25,0.0244,0.459,0.00637,0.0269,48.27,4.04,22.15,35.53
"SM407","SanMarco","1",0.362539337151404,-0.24824700360807,NA,NA,NA,7.21357465508421,7.1,1.3,0.0223,0.454,0.00673,0.06,47.48,3.98999999999999,20.3,35.69
"SM408","SanMarco","1",0.310194403578397,-0.294641623880537,NA,NA,NA,7.32744436937877,7.2,1.16,0.0244,0.41,0.00811,0.035,47.98,5.56,23.59,33.62
"SM409","SanMarco","1",0.378804682260281,-0.222159957760052,NA,NA,NA,6.17914412506225,6.07,1.09,0.0238,0.385,0.00672,0.0562,46.59,3.26,17.72,33.66
"SM410","SanMarco","1",0.319216626739056,-0.209980523959805,NA,NA,NA,8.72579850165597,8.56,1.22,0.0291,0.488,0.00878,0.106,49.85,5.51,22.16,36.86
"SM411","SanMarco","1",0.286159397214097,-0.169895254354984,NA,NA,NA,6.89218966235226,6.77,0.975,0.027,0.313,0.00398,0.0685,49.06,2.46,18.01,34.14
"SM412","SanMarco","1",0.586802241324123,-0.0725572615464632,NA,NA,NA,11.777226399061,11.3,1.19,0.0828,0.322,0.00355,0.377,55.47,7.6,14.99,38.03
"SM413","SanMarco","1",0.365877852804683,0.0572488346472193,NA,NA,NA,14.5324195667361,14.3,1.13,0.0333,0.356,0.00407,0.0877,56.33,11.34,11.01,41
"SM414","SanMarco","1",0.303412437261408,-0.161905736798765,NA,NA,NA,7.45251471548715,7.32,1.06,0.0277,0.407,0.00448,0.0823,49.29,2.73,18.06,35.37
"SM415","SanMarco","1",0.418279459820915,-0.174913051337387,NA,NA,NA,7.0267269899549,6.89,1.04,0.0239,0.447,0.0134,0.0563,47.44,6.01,15.81,34.49
"SM416","SanMarco","1",0.326134943896196,-0.259371992671526,NA,NA,NA,5.88181242953173,5.78,1.06,0.0237,0.426,0.0052,0.0515,46.43,2.09,19.93,32.66
"SM417","SanMarco","1",0.406788302135756,-0.170769173798045,NA,NA,NA,6.65242142205275,6.53,1.04,0.0258,0.346,0.00684,0.0833,47.81,4.83,15.63,34.19
"SM418","SanMarco","1",0.623002513073713,0.196328788881915,NA,NA,NA,15.8562808723776,15.5,1.19,0.0398,0.252,0.0192,1.02,61.14,16.05,7.09,45.68
"SM419","SanMarco","1",0.456969534094915,-0.287873404473284,NA,NA,NA,6.05057335717913,5.95,1.17,0.0214,0.343,0.00746,0.0677,44.74,4.5,17.76,32.18
"SM420","SanMarco","1",0.787110039518713,0.116337713454459,NA,NA,NA,12.1270353661155,11.8,1.15,0.049,0.208,0.0118,0.955,57.67,16.28,5.35,41.5
"SM501","SanMarco","1",0.525416545565283,-0.0963935494224998,NA,NA,NA,6.50420608983079,6.39,1.23,0.024,0.351,0.00704,0.0525,47.77,3.83,7.27,35.88
"SM502","SanMarco","1",0.572629420826064,-0.117588338797168,NA,NA,NA,5.96143397349244,5.85,1.17,0.0236,0.35,0.00888,0.089,46.65,4.84,7.18,34.63
"SM503","SanMarco","1",0.638669710026363,-0.159477546390904,NA,NA,NA,5.89739668687941,5.73,1.22,0.0349,0.502,0.015,0.0884,46.53,5.70999999999999,8.28,34.21
"SM504","SanMarco","1",0.483051672983822,-0.176395583349861,NA,NA,NA,8.49409410746607,8.36,1.54,0.0236,0.379,0.00761,0.0798,49.4,7.69,16.4,39.3
"SM505","SanMarco","1",0.352828813877505,-0.128721253551596,NA,NA,NA,6.83363420473089,6.72,1.06,0.0254,0.305,0.00345,0.104,48.58,3.46,16.68,36.25
"SM506","SanMarco","1",0.307583780554484,-0.161928983460155,NA,NA,NA,7.22883854601141,7.1,1,0.0278,0.419,0.00388,0.172,49.31,2.37,17.98,34.67
"SM507","SanMarco","1",0.438330156922608,-0.236293888059867,NA,NA,NA,5.67026078924071,5.57,1.09,0.0238,0.409,0.00533,0.118,45.49,3.64,17.22,33
"SM508","SanMarco","1",0.424832979121802,-0.222123869173846,NA,NA,NA,6.1883295217259,6.07,1.15,0.0245,0.362,0.00924,0.0424,46.52,4.49,17.02,34.15
"SM509","SanMarco","1",0.471650452595317,-0.201966592560522,NA,NA,NA,5.72379704447633,5.62,1.12,0.0228,0.353,0.00805,0.0828,46.08,4.55,14.38,33.61
"SM510","SanMarco","1",0.497479586170037,-0.217319689908722,NA,NA,NA,5.05993665958757,4.97,1.04,0.0228,0.337,0.00521,0.107,44.6,3.8,13.83,32.03
"SM511","SanMarco","1",0.427072218048246,-0.107701471408326,NA,NA,NA,6.92331301800066,6.8,1.18,0.0254,0.349,0.00667,0.136,48.76,3.13,12.61,36.86
"SM512","SanMarco","1",0.591911881194494,-0.198990054494007,NA,NA,NA,6.12261334367858,6.01,1.1,0.0241,0.356,0.00788,0.106,46.13,7.85,10.23,31.82
"SM513","SanMarco","1",0.494751463971497,-0.226275349557465,NA,NA,NA,5.50018834811165,5.4,1.19,0.0234,0.385,0.00667,0.0463,45.7,5.11000000000001,14.91,33.56
"SM514","SanMarco","1",0.595672461580502,-0.0770911609209536,NA,NA,NA,6.80422669736953,6.67,1.13,0.0258,0.327,0.0106,0.111,48.94,8.15,5.76000000000001,34.98
"SM515","SanMarco","1",0.452103652476783,-0.254834509267866,NA,NA,NA,6.38470547547061,6.26,0.985,0.026,0.362,0.00858,0.105,47.09,8.32,18.23,31.42
"SM516","SanMarco","1",0.504274945344265,-0.289682050341965,NA,NA,NA,5.49355913273222,5.38,1.02,0.0237,0.381,0.0119,0.111,45.39,7.81,17.21,30.41
"SM517","SanMarco","1",0.539821849251903,-0.257298088625012,NA,NA,NA,5.83892950618459,5.72,1.16,0.0228,0.464,0.0137,0.151,45.79,7.97,16.25,32.85
"SM518","SanMarco","1",0.475630363349712,-0.255091919453619,NA,NA,NA,5.54144771373315,5.43,1.02,0.0243,0.356,0.00986,0.112,46.42,7.03,16.5,31.26
"SM519","SanMarco","1",0.517188882479687,-0.3189413490992,NA,NA,NA,4.33547958832129,4.26,0.956,0.0215,0.358,0.00403,0.0586,42.27,4.88,16.21,28.28
"SM520","SanMarco","1",0.429976444854314,-0.304351322596402,NA,NA,NA,5.68322801695493,5.59,0.903,0.0226,0.337,0.00417,0.168,44.73,5.77,19.9,29.39
"SC201","StPaulsCross","1",0.468893227610505,-0.0138052882346783,NA,NA,NA,9.62630259139244,9.47,1.38,0.0281,0.429,0.00437,0.171,52.39,3.71,12.55,41.66
"SC202","StPaulsCross","1",0.446631965488211,0.00992117019459775,NA,NA,NA,10.16066076672,10,1.33,0.0285,0.512,0.00353,0.113,53.33,3.34,12.87,42.19
"SC203","StPaulsCross","1",0.420657995053846,0.0861141962951545,NA,NA,NA,10.9814869135525,10.8,1.37,0.0291,0.362,0.00627,0.0723,55.3,4.12,9.66,44.57
"SC204","StPaulsCross","1",0.446647679557465,0.0622004303445372,NA,NA,NA,10.5765349295161,10.4,1.38,0.028,0.366,0.00767,0.165,54.34,4.93,9.16999999999999,43.57
"SC205","StPaulsCross","1",0.358667123844528,0.129609477944974,NA,NA,NA,15.5417256810129,15.3,1.43,0.0327,0.333,0.0049,0.189,59.22,5.42,10.51,47.24
"SC206","StPaulsCross","1",0.36430695292721,-0.0458388810110679,NA,NA,NA,12.7105861178154,12.5,1.74,0.0305,0.944,0.00731,0.105,55.41,4.11,12.96,44.43
"SC207","StPaulsCross","1",0.289322138044768,0.120421384516381,NA,NA,NA,15.7201355200052,15.5,1.52,0.0292,0.352,0.00495,0.132,58.27,8.31,10.46,47.8
"SC208","StPaulsCross","1",0.473220555914874,0.0442372742743621,NA,NA,NA,10.7796066587911,10.6,1.4,0.0276,0.408,0.00856,0.122,53.89,3.56,9.22,43.11
"SC209","StPaulsCross","1",0.33813864725432,0.0625571433921544,NA,NA,NA,13.4174205384994,13.2,1.47,0.0305,0.357,0.00727,0.146,57.03,6.37,11.65,45.5
"SC210","StPaulsCross","1",0.358284686358937,0.0445490725873657,NA,NA,NA,13.1876853862946,13,1.48,0.0284,0.356,0.00359,0.108,55.58,6.92,10.52,44.23
"SC211","StPaulsCross","1",0.249153899198782,0.129538233006882,NA,NA,NA,23.5869860043072,23.2,1.4,0.0411,0.319,0.00563,0.33,63.18,12.04,11.82,47.46
"SC212","StPaulsCross","1",0.381027415077246,0.0750102209370098,NA,NA,NA,12.5062389153582,12.3,1.38,0.0305,0.359,0.00672,0.0954,56.31,5.25,10.76,44.68
"SC213","StPaulsCross","1",0.322988813554028,0.0940639424715927,NA,NA,NA,16.0142316239059,15.8,1.62,0.0279,0.412,0.00505,0.103,57.41,7.04,9.99000000000001,47.59
"SC214","StPaulsCross","1",0.36330866644211,0.0628110537008165,NA,NA,NA,13.1057867525411,12.9,1.52,0.0282,0.383,0.00858,0.0504,55.83,6.61,8.76000000000001,44.94
"SC215","StPaulsCross","1",0.410237527044487,0.053011433433946,NA,NA,NA,11.461416459518,11.3,1.48,0.0268,0.356,0.00301,0.0561,54.37,4.88,9.49,44.14
"SC216","StPaulsCross","1",0.328696992653164,0.0981673667205938,NA,NA,NA,13.1068787812986,12.9,1.49,0.031,0.389,0.00465,0.0486,57.18,7.67,8.34,45.7
"SC217","StPaulsCross","1",0.444064746822944,-0.0292284866554951,NA,NA,NA,8.77204648307068,8.63,1.39,0.0269,0.361,0.00435,0.0659,51.95,2.81,13.8,41.64
"SC218","StPaulsCross","1",0.295375746979938,0.106681193266646,NA,NA,NA,13.697179348072,13.5,1.44,0.0293,0.322,0.00349,0.0764,57.51,8.9,9.00000000000001,45.73
"SC219","StPaulsCross","1",0.367015124828368,0.0997788326729614,NA,NA,NA,12.9920666153902,12.8,1.46,0.0295,0.33,0.00346,0.09,56.51,6.23,9.24,45.76
"SC220","StPaulsCross","1",0.343199324203198,0.0663582620040501,NA,NA,NA,12.68462996986,12.5,1.38,0.0291,0.353,0.00287,0.0694,55.76,7.89,9.89000000000001,43.78
"SC221","StPaulsCross","1",0.448158898397114,0.0411337528748445,NA,NA,NA,9.6352306432901,9.49,1.33,0.0267,0.324,0.00312,0.0377,53.33,3.44,10.42,42.46
"SC222","StPaulsCross","1",0.37048968575703,0.162516336363282,NA,NA,NA,18.5100243285218,18.2,1.45,0.0388,0.318,0.00415,0.0993,59.64,8.46,6.63,47.19
"SC223","StPaulsCross","1",0.472203841161581,0.0524760707392449,NA,NA,NA,10.5402469965513,10.4,1.64,0.0239,0.301,0.00361,0.273,54.52,1.72,10.12,46.09
"SC224","StPaulsCross","1",0.227502194466554,0.0778771184805127,NA,NA,NA,17.2942516580536,17,1.53,0.0341,0.356,0.0105,0.108,60.15,5.72,17.53,49.29
"SC225","StPaulsCross","1",0.272988992696516,0.00908567249066181,NA,NA,NA,14.1351798757944,13.9,1.45,0.0307,0.356,0.00955,0.142,56.78,6.53,17.33,45.51
"SC226","StPaulsCross","1",0.310140633602128,-0.0333782456178139,NA,NA,NA,13.0121951644774,12.8,1.41,0.0314,0.318,0.00561,0.0894,55.91,4.28,18.52,43.63
"SC227","StPaulsCross","1",0.284068244762756,0.120116604294059,NA,NA,NA,17.7831443297745,17.5,1.56,0.0328,0.35,0.0091,0.141,59.73,8.36,10.39,48.38
"SR201","StPaulsRow","1",0.2937999235002,0.152172270829905,NA,NA,NA,15.2209386957733,15,1.44,0.0306,0.342,0.004,0.202,58.51,6.41,7.17000000000001,47.52
"SR202","StPaulsRow","1",0.17852262332902,0.15170230662809,NA,NA,NA,19.1838100475003,18.9,1.6,0.0347,0.314,0.00375,0.196,61.62,7.25000000000001,9.47000000000001,50.57
"SR203","StPaulsRow","1",0.416047478637942,0.0621504259526209,NA,NA,NA,11.3856020595497,11.2,1.29,0.0296,0.401,0.00555,0.41,56.8,4.61,7.03,42
"SR204","StPaulsRow","1",0.146218429700475,0.208876997502178,NA,NA,NA,19.4853235500389,19.2,1.61,0.0343,0.316,0.00412,0.114,62.72,9.52,5.82000000000001,51.73
"SR205","StPaulsRow","1",0.192467020486158,0.177930631897509,NA,NA,NA,16.5379604821995,16.3,1.42,0.0318,0.302,0.00343,0.109,60.35,9.87,7.21,48.63
"SR206","StPaulsRow","1",0.165053203686347,0.145567803403951,NA,NA,NA,19.0570355338749,17.4,2.01,0.0343,0.624,0.0144,0.151,62.09,5.65,4.09999999999999,53.07
"SR207","StPaulsRow","1",-0.00802132094575869,0.119658944283734,NA,NA,NA,38.5680076880904,29.4,2.53,0.0376,0.804,0.0372,0.439,67.87,15.43,1.73999999999999,58.54
"SR208","StPaulsRow","1",0.197792961117499,0.147451588822939,NA,NA,NA,14.4373554763085,14.2,1.52,0.0336,0.503,0.005,0.16,60.06,7.52,8.92,49.16
"SR209","StPaulsRow","1",0.189004870092302,0.131695207206043,NA,NA,NA,15.3582728682952,15.1,1.32,0.0335,0.389,0.00785,0.111,59.47,9.52,11.14,47.36
"SR210","StPaulsRow","1",0.223207691635384,0.119531474065294,NA,NA,NA,12.9138434341955,12.7,1.26,0.0308,0.319,0.00717,0.179,57.88,9.43,11.79,46.22
"SR211","StPaulsRow","1",0.1598168150072,0.192557271740809,NA,NA,NA,16.0882762853881,15.8,1.42,0.0362,0.433,0.00881,0.111,61.54,9.82,8.76,50.31
"SR212","StPaulsRow","1",0.145762461305898,0.185426028797836,NA,NA,NA,18.6119569465603,18.2,1.66,0.0447,0.466,0.0158,0.694,68.3,14.78,1.58,50.99
"SR213","StPaulsRow","1",0.139523931430062,0.231357907395675,NA,NA,NA,19.8094461518471,19.4,1.28,0.0401,0.468,0.0191,0.985,69.54,21.77,1.73999999999999,49.29
"SR214","StPaulsRow","1",0.322105889983042,-0.0332495812341141,NA,NA,NA,9.87814925293999,9.71,1.17,0.029,0.353,0.0058,0.0871,53.16,4.76000000000001,16.37,40.07
"SR215","StPaulsRow","1",0.131322441425278,0.146419686448466,NA,NA,NA,19.7203603062322,19.3,1.76,0.0463,0.338,0.011,0.213,61.63,16.11,5.35999999999999,50.74
"SR216","StPaulsRow","1",0.419695942256113,-0.0261039271376667,NA,NA,NA,8.83050918673557,8.67,1.25,0.0271,0.401,0.00972,0.0815,50.98,4.19,11.46,39.09
"SR217","StPaulsRow","1",0.474383477533755,0.0548919586540229,NA,NA,NA,9.29278120136781,9.14,1.38,0.0275,0.361,0.0052,0.427,53.4,3.73,7.38,42.27
"SR218","StPaulsRow","1",0.404447515257455,0.0453179432388889,NA,NA,NA,9.44820000571126,9.29,1.18,0.029,0.409,0.00413,0.0385,53.37,4.15000000000001,9.38,40.52
"SR219","StPaulsRow","1",0.228823381289176,0.0878425877812613,NA,NA,NA,18.1112410322051,17.7,1.6,0.0338,0.569,0.0334,0.166,58.47,10.32,7.12,48.02
"SR220","StPaulsRow","1",0.332110541833675,0.104714107022325,NA,NA,NA,15.6777575542269,15.4,1.41,0.0291,0.349,0.0181,0.224,56.94,6.41,7.81,45.99
"SR221","StPaulsRow","1",0.327928279437373,0.0346960864632702,NA,NA,NA,10.4677405456717,10.3,1.34,0.0288,0.376,0.00427,0.0549,54.1,6.65,9.17,41.8
"SR222","StPaulsRow","1",0.292542531139063,0.0789366636084748,NA,NA,NA,10.9775605139804,10.8,1.28,0.0302,0.298,0.00354,0.101,55.98,8.41999999999999,8.70000000000001,43.04
"SR223","StPaulsRow","1",0.231978757282299,0.055243902180505,NA,NA,NA,13.4751587727897,13.2,1.35,0.036,0.393,0.0131,0.102,58.57,4.9,14.07,45.85
"SR224","StPaulsRow","1",0.339531889549985,0.0611009768256727,NA,NA,NA,10.7736748936389,10.6,1.42,0.0292,0.294,0.00451,0.212,55.3,4.77,9.71000000000001,44.14
"SR225","StPaulsRow","1",0.367591757755861,0.0852936216052963,NA,NA,NA,11.1792688578854,11,1.41,0.0292,0.299,0.00497,0.199,55.5,3.79,8.42,44.56
"SR226","StPaulsRow","1",0.138558772950585,0.204648920311985,NA,NA,NA,21.081232443373,20.6,1.6,0.0495,0.324,0.0156,0.19,62.94,18.57,3.42,51.09
"SR227","StPaulsRow","1",0.26748710400095,0.180196227491132,NA,NA,NA,19.8276705217846,19.3,1.69,0.0565,0.332,0.0177,0.223,61.6,12.93,3.46999999999999,50.96
"SR228","StPaulsRow","1",0.148243047071461,0.195221526442927,NA,NA,NA,19.2250939281487,18.7,1.68,0.0566,0.367,0.019,0.213,64.39,16.48,2.97,51.75
"SR229","StPaulsRow","1",0.0955621454938103,0.204971347656383,NA,NA,NA,25.5916842337902,22.7,2.08,0.0583,0.333,0.0117,0.238,65.11,17.04,2.51000000000001,55.92
"SR230","StPaulsRow","1",0.376591153788979,0.0275999054428166,NA,NA,NA,11.1410944336545,10.9,1.33,0.0265,0.367,0.0262,0.0786,53.24,6.2,7.73,41.8
"SR231","StPaulsRow","1",0.253212191106283,0.108661626125876,NA,NA,NA,13.1153723383021,12.9,1.44,0.0279,0.316,0.0114,0.146,56.74,10.15,6.75,45.67
"SR232","StPaulsRow","1",0.110975563698151,0.117189701502473,NA,NA,NA,18.5363071470539,17.2,1.96,0.0303,0.363,0.0228,0.161,62.03,8.33,4.69,52.03
"SR233","StPaulsRow","1",0.200125161291913,0.146714197158316,NA,NA,NA,21.1844951164456,20.7,1.79,0.0299,0.383,0.0248,0.311,61.58,8.21,5.14,51.67
"SR234","StPaulsRow","1",0.333084588230961,0.0021429836023541,NA,NA,NA,10.1968337396937,10,1.44,0.0258,0.408,0.018,0.134,53.06,6.33,9.75,42.29
"SR235","StPaulsRow","1",0.3388818890822,0.000712045483268225,NA,NA,NA,9.82504506109471,9.66,1.29,0.0277,0.347,0.00699,0.0746,52.9,4.79,13.08,41.42
"SR236","StPaulsRow","1",0.419949540599872,-0.0288427409351125,NA,NA,NA,8.18803726119257,8.05,1.16,0.0275,0.316,0.00404,0.0974,51.01,3.49,13.64,38.63
"SR237","StPaulsRow","1",0.309126413902693,-0.00759104468654792,NA,NA,NA,11.0423097513676,10.8,1.36,0.0285,0.343,0.0239,0.102,55.39,8.57,6.67,40.44
"SR238","StPaulsRow","1",0.362777359970468,0.0527909162960025,NA,NA,NA,10.7783124554851,10.6,1.31,0.0293,0.344,0.00565,0.0571,54.33,3.73,10.1,42.71
"SR239","StPaulsRow","1",0.305726631981042,0.0382407386626002,NA,NA,NA,12.3853613108383,12.2,1.29,0.0286,0.301,0.00449,0.0736,53.89,9.71,9.74,41.63
"SR240","StPaulsRow","1",0.336582182279922,0.117172641333555,NA,NA,NA,12.213894824244,12,1.47,0.035,0.299,0.00273,0.0804,57.24,1.79,9.10999999999999,46.93
"SR241","StPaulsRow","1",0.408341950676673,0.118969748531565,NA,NA,NA,11.4219421625005,11.2,1.43,0.0375,0.28,0.00348,0.143,56.79,1.13,7.50000000000001,45.9
"SR242","StPaulsRow","1",0.535667632094013,-0.00702255734762389,NA,NA,NA,7.34994083074102,7.22,1.05,0.0283,0.299,0.00306,0.168,50.54,2.91,9.33,36.5
"SR243","StPaulsRow","1",0.323094755548538,0.0942997097352476,NA,NA,NA,12.5859146846683,12.4,1.37,0.0278,0.421,0.00537,0.067,55.1,7.15,7.41,44.06
"SR244","StPaulsRow","1",0.303013504292964,0.106112902401244,NA,NA,NA,12.5945646349429,12.4,1.23,0.0297,0.361,0.00471,0.0676,55.45,9.34,8.67,43.6
"SR245","StPaulsRow","1",0.302304291415118,0.0216366521094585,NA,NA,NA,11.8197201274154,11.6,1.34,0.0298,0.489,0.0132,0.0655,54.33,5.89,12.55,43.12
"SR246","StPaulsRow","1",0.325908420232949,0.131948468791407,NA,NA,NA,12.392401833301,12.2,1.29,0.03,0.438,0.00419,0.0505,55.97,7.85,6.41,44.43
"SR247","StPaulsRow","1",0.379306811171624,0.033589162303449,NA,NA,NA,9.25802215009607,9.1,1.13,0.0294,0.39,0.00407,0.059,53.09,6.06,10.87,40.07
"SR248","StPaulsRow","1",0.460237605975454,0.0171441782438492,NA,NA,NA,8.63978490620468,8.49,1.14,0.0287,0.416,0.00455,0.0982,52.19,2.57,10.33,39.17
"TM401","TateModern","1",0.379018066375154,0.0685994262255379,NA,NA,NA,14.6443242585269,14.4,1.22,0.0303,0.34,0.0111,0.225,56.82,3.63,10.79,42.42
"TM402","TateModern","1",0.206150548416721,0.173354459181711,NA,NA,NA,18.8058497441068,18.5,1.23,0.0358,0.373,0.00721,0.0893,62.42,14.73,10.33,45.04
"TM403","TateModern","1",0.246543835100906,0.0277790433883462,NA,NA,NA,14.6343871091968,14.4,1.14,0.0319,0.368,0.0064,0.0863,57.07,9.94,16.47,41.9
"TM404","TateModern","1",0.43587810374399,-0.0585899175679301,NA,NA,NA,9.91374350838632,9.75,1.37,0.0263,0.471,0.00844,0.179,51.89,4.44,13.51,40.98
"TM405","TateModern","1",0.308423440859607,0.11502546904129,NA,NA,NA,16.0367053891429,15.8,1.31,0.0311,0.391,0.00517,0.0778,58.05,12.16,9.83,44.28
"TM406","TateModern","1",0.309237698922095,0.105123391457642,NA,NA,NA,15.9298897554365,15.7,1.3,0.0298,0.324,0.00582,0.101,57.99,12.58,9.66999999999999,43.75
"TM407","TateModern","1",0.384839713981033,0.0373353491188206,NA,NA,NA,12.5854012173005,12.4,1.39,0.0279,0.365,0.00509,0.153,54.95,6.42,11.52,43.39
"TM408","TateModern","1",0.457043956380531,0.00579186739187987,NA,NA,NA,9.13035721140525,8.98,1.15,0.0278,0.337,0.0045,0.141,52.13,5.18,10.28,39.74
"TM409","TateModern","1",0.472439897582919,-0.132706756395032,NA,NA,NA,7.10913096345173,6.97,1.18,0.0297,0.372,0.00522,0.0728,48.87,2.46,15.37,37.28
"TM410","TateModern","1",0.480356050719853,-0.0650463519134692,NA,NA,NA,7.53435469492596,7.41,1.18,0.0259,0.335,0.00403,0.0777,49.85,3.05,11.63,38.24
"TM411","TateModern","1",0.381015826384787,-0.0792471261055838,NA,NA,NA,9.91391446631948,9.75,1.21,0.0287,0.345,0.00489,0.0703,52.32,7.12,14.51,38.56
"TM412","TateModern","1",0.471000233590894,-0.0871019905972847,NA,NA,NA,9.36639242059692,9.2,1.43,0.0273,0.498,0.00944,0.22,51.63,5.47,12.29,40.06
"TM413","TateModern","1",0.417493883287983,-0.0155801168635638,NA,NA,NA,9.72624294770469,9.52,1.27,0.0353,0.63,0.00824,0.0697,53.29,3.05,13.43,41.3
"TM414","TateModern","1",0.435294367734533,-0.088241938661235,NA,NA,NA,8.83602835716537,8.68,1.22,0.0286,0.555,0.00603,0.0835,50.82,4,14.21,38.61
"TM415","TateModern","1",0.401147320630654,-0.0483338244002473,NA,NA,NA,8.89680266821386,8.74,1.07,0.03,0.345,0.00397,0.133,52.31,2.32,15.12,38.56
"TM416","TateModern","1",0.457750564741427,-0.0600123785024512,NA,NA,NA,8.32116860071456,8.17,1.05,0.0284,0.413,0.00656,0.116,50.87,4.24,12.18,37.17
"TM417","TateModern","1",0.452981920227086,0.0207856202879063,NA,NA,NA,10.8865222318985,10.6,1.33,0.0368,0.609,0.0245,0.103,54.49,6.44,9.07,42.18
"TM418","TateModern","1",0.397686788642016,0.037654342043248,NA,NA,NA,11.9830296323698,11.7,1.2,0.039,0.653,0.0157,0.124,56.06,5.69,11.16,41.51
"TM419","TateModern","1",0.402305448668964,0.0806571212781694,NA,NA,NA,12.1668482994464,11.9,1.51,0.0333,0.691,0.0193,0.126,57.26,6.1,7.69,45.02
"TM420","TateModern","1",0.362164882031898,-0.00406604891506718,NA,NA,NA,11.6324609695095,11.4,1.26,0.0336,0.537,0.0115,0.0872,54.58,4.98,14.52,41.95
"TM421","TateModern","1",0.338506885751902,0.0481458606371149,NA,NA,NA,11.8559606665659,11.6,1.16,0.0323,0.447,0.019,0.0857,56.07,5.88,12.43,42.2
"TM422","TateModern","1",0.383839638894056,0.00487176888610763,NA,NA,NA,11.783138054388,11.6,1.32,0.0298,0.384,0.00356,0.243,54.22,5.88,14.89,42.79
"TM423","TateModern","1",0.36317713021455,0.0814573866848616,NA,NA,NA,14.2398044580909,14,1.18,0.0357,0.315,0.0029,0.345,57.66,3.04,14.14,43.26
"TM425","TateModern","1",0.428476766952643,-0.034232747139936,NA,NA,NA,9.53399481513004,9.36,1.05,0.0315,0.326,0.0049,0.251,52.73,4,14.33,38.55
"TM426","TateModern","1",0.393952168752081,-0.0240027875720819,NA,NA,NA,9.62144166419454,9.46,1.13,0.0293,0.406,0.00413,0.0975,52.54,3.61,14.37,39.84
"TM427","TateModern","1",0.403456119440199,-0.00193986049128136,NA,NA,NA,9.61516263108215,9.46,1.15,0.0286,0.425,0.00331,0.123,53.6,6.03,11.29,39.4
"TM428","TateModern","1",0.430514263579602,-0.058232694305668,NA,NA,NA,9.07827857144055,8.92,1.15,0.0268,0.378,0.00863,0.108,51.22,6.03,12.86,38.59
"TM429","TateModern","1",0.40822508089598,-0.0446618999682051,NA,NA,NA,10.2646960205207,10.1,1.14,0.0281,0.43,0.00501,0.159,52.33,6.85,13.6,38.88
"TM430","TateModern","1",0.411003260266169,-0.0229011762445281,NA,NA,NA,9.82681315816454,9.66,1.06,0.0296,0.444,0.00466,0.111,52.6,5.89,12.5,38.4
"TM431","TateModern","1",0.363654121780537,0.0566704957341323,NA,NA,NA,11.8189611632447,11.6,1.13,0.0298,0.342,0.013,0.114,55.23,10.38,10.5,41.36
"TM432","TateModern","1",0.353089186446264,0.0211517479759784,NA,NA,NA,12.4091426311568,12.2,1.21,0.0305,0.46,0.00772,0.153,55.18,8.46,13.12,41.55
"TM433","TateModern","1",0.384889453643967,-0.0110486668839556,NA,NA,NA,10.7953887491052,10.6,1.24,0.0291,0.464,0.0107,0.0771,53.64,7.83,12.01,40.63
"TM434","TateModern","1",0.361119300951076,-0.0217701605663297,NA,NA,NA,11.7036698005809,11.5,1.33,0.0279,0.448,0.0121,0.106,53.91,6.85,14.03,41.96
"TM435","TateModern","1",0.395377700431783,0.0589643161206069,NA,NA,NA,14.1965127570718,13.9,1.73,0.0288,0.678,0.0269,0.121,57.04,8.11,7.55,46.83
"TM436","TateModern","1",0.32144032920306,0.0852431545372012,NA,NA,NA,16.3138866530273,16,1.7,0.0318,0.623,0.0205,0.0767,58.7,8.53,10.23,47.94
"TM437","TateModern","1",0.37093397570097,-0.0185793706407091,NA,NA,NA,11.5095686965739,11.3,1.33,0.029,0.618,0.0126,0.076,53.63,6.43,13.79,42.09
"TM438","TateModern","1",0.325453905483104,-0.0383174154887222,NA,NA,NA,12.1068122488272,11.9,1.1,0.0305,0.458,0.00792,0.105,53.92,7.70999999999999,16.52,39.65
"TM439","TateModern","1",0.411105616855952,0.00952865814060311,NA,NA,NA,11.0915960465176,10.9,1.27,0.0303,0.535,0.00696,0.146,54.11,7.08,11.06,41.1
"TM440","TateModern","1",0.34185829501998,0.0250169959639598,NA,NA,NA,11.8015808837359,11.6,1.28,0.0291,0.409,0.00947,0.117,54.93,5.38,14.33,43.09
"TM441","TateModern","1",0.400070552160085,0.065502481334721,NA,NA,NA,12.2286889257941,12,1.44,0.0293,0.426,0.0151,0.133,55.73,5.57,9.41,44.53
"TM442","TateModern","1",0.30191132031963,0.0115322624690813,NA,NA,NA,13.0699238432596,12.8,1.31,0.0317,0.492,0.0195,0.126,56.69,6.34999999999999,15.01,43.19
"TS501","TorringtonSq","1",0.0477936432312306,0.137275375647845,NA,NA,NA,25.8105027868331,24.2,1.92,0.0323,0.342,0.00633,0.24,62.88,11.4,10.03,52.53
"TS502","TorringtonSq","1",0.436045240626607,-0.00208235986257225,NA,NA,NA,9.19425356200212,9.02,1.2,0.0324,0.351,0.0048,0.181,52.59,6.05,9.37,38.64
"TS503","TorringtonSq","1",0.330170553234908,0.039651649674137,NA,NA,NA,12.8454521662108,12.6,1.41,0.0373,0.376,0.0056,0.179,56.06,6.5,10.12,42.99
"TS504","TorringtonSq","1",0.1070430884036,0.0818777111429756,NA,NA,NA,20.8700601484133,20.3,1.81,0.0347,0.408,0.0136,0.171,60.69,8.71,11.85,50.15
"TS505","TorringtonSq","1",0.104814689404851,-0.119367861952577,NA,NA,NA,13.8663547883661,13.6,1.61,0.0324,0.493,0.0152,0.12,55.8,5.51,23.1,44.3
"TS506","TorringtonSq","1",0.0645153945931017,-0.0167240355246384,NA,NA,NA,17.5350166034,17.2,1.34,0.0332,0.446,0.0199,0.0983,59,11.87,19.05,44.34
"TS507","TorringtonSq","1",0.00582639851506545,-0.0886093406410286,NA,NA,NA,19.9314410795075,19.5,1.43,0.0329,0.42,0.0339,0.15,60.77,12.01,20.27,43.57
"TS508","TorringtonSq","1",0.127786730906079,0.118323603490016,NA,NA,NA,22.993500656957,22.5,1.47,0.0521,0.551,0.00924,0.211,63.08,14.19,12.75,48.26
"TS509","TorringtonSq","1",0.335863396699474,0.0455728276102241,NA,NA,NA,11.0864414877389,10.9,1.11,0.0314,0.385,0.0039,0.0548,54.48,10.06,8.86000000000001,39.44
"TS510","TorringtonSq","1",0.161381412677344,-0.223988277732487,NA,NA,NA,11.1016127068392,10.9,1.24,0.0267,0.479,0.0151,0.0329,52.03,8.38,24.24,36.47
"TS511","TorringtonSq","1",0.286201384279879,-0.178788741668654,NA,NA,NA,9.09331528576651,8.93,1.24,0.0265,0.464,0.0106,0.0562,50.65,4.43,21.1,36.8
"TS512","TorringtonSq","1",0.189926470438844,0.144679680826202,NA,NA,NA,15.8521739980165,15.6,1.36,0.0318,0.463,0.00793,0.0521,58.35,14.7,5.9,45.24
"TS513","TorringtonSq","1",0.292304425587687,-0.185548083259634,NA,NA,NA,8.40021766005014,8.26,1.32,0.0257,0.533,0.00675,0.047,49.47,3.93,21.48,37.3
"TS514","TorringtonSq","1",0.223532561094214,0.105386797905894,NA,NA,NA,15.0398093748157,14.8,1.42,0.0334,0.385,0.0045,0.109,57.82,10.48,8.93,45.3
"TS515","TorringtonSq","1",0.165185822027569,0.0143854587193136,NA,NA,NA,13.8971238062895,13.7,1.57,0.0278,0.391,0.00531,0.051,55.41,10.66,12.07,44.4
"TS516","TorringtonSq","1",0.139114117493853,0.119989929113567,NA,NA,NA,21.9109007841685,21.6,1.61,0.0344,0.439,0.00482,0.0726,60.12,12.16,8.76,47.9
"TS517","TorringtonSq","1",-0.0676860320572827,0.176292454484648,NA,NA,NA,25.955481731223,25.6,1.77,0.0277,0.328,0.00677,0.0975,62.89,19.15,9.15000000000001,52.22
"TS518","TorringtonSq","1",0.110552870091341,-0.151696037159837,NA,NA,NA,12.7333672018007,12.5,1.45,0.0268,0.407,0.0186,0.0948,54.05,6.21,24.93,42.16
"TS519","TorringtonSq","1",0.116337927280548,0.171866268101333,NA,NA,NA,22.5143735012629,22.2,1.55,0.0338,0.399,0.00542,0.133,62.18,12.67,7.98,49.16
"TS520","TorringtonSq","1",0.367841931676661,0.0146197469205783,NA,NA,NA,9.33361073877393,9.18,1.57,0.0277,0.414,0.00503,0.119,53.83,1.15,8.91,43.08
"TS521","TorringtonSq","1",0.27249394402324,-0.0233008753871684,NA,NA,NA,11.0899875317214,10.9,1.33,0.0314,0.332,0.00487,0.0841,54.65,4.96,15.57,41.7
"TS522","TorringtonSq","1",0.270587234913275,0.0257255712188011,NA,NA,NA,12.1159062847362,11.9,1.42,0.0336,0.369,0.00563,0.0651,57.19,1.37,14.02,44.13
"TS523","TorringtonSq","1",0.221361778919612,0.0144419095926668,NA,NA,NA,12.5547032916945,12.3,1.42,0.0316,0.416,0.0174,0.118,57.35,4.43,14.65,44.52
"TS524","TorringtonSq","1",0.290214076960787,-0.0565355600355732,NA,NA,NA,11.2777317631677,11.1,1.65,0.0257,0.567,0.00954,0.547,53.82,4.98,16.79,44.42
"TS525","TorringtonSq","1",-0.120927828034355,0.246599902623122,NA,NA,NA,39.1224014340056,35.3,2.01,0.0334,0.364,0.00585,0.32,68.12,21.14,8.44,57.42
"TS526","TorringtonSq","1",0.228400374768317,0.028570666042898,NA,NA,NA,15.0081457057831,14.7,1.79,0.0273,0.519,0.0117,0.232,56.17,8.46,8.12,46.04
"TS527","TorringtonSq","1",0.125910247900237,0.152608731046279,NA,NA,NA,24.3467619882641,23.7,1.81,0.0359,0.376,0.00644,0.247,62.4,11.81,7.13,50.82
"TS528","TorringtonSq","1",0.452460612858486,0.0286168704019414,NA,NA,NA,9.47405593156082,9.3,1.22,0.0306,0.343,0.00647,0.204,53.2,3.64,9.02,40.07
"TS529","TorringtonSq","1",0.382789424320172,0.0234521359872418,NA,NA,NA,10.2844972596291,10.1,1.43,0.0299,0.505,0.00798,0.149,53.29,4.64,9.02,42.15
"TS530","TorringtonSq","1",0.435336169938203,-0.0907641943977718,NA,NA,NA,8.08563829368619,7.94,1.27,0.0257,0.447,0.00963,0.168,49.95,2.06,14.48,37.99
"TS531","TorringtonSq","1",0.42555260737919,-0.0367915605957548,NA,NA,NA,9.34849117233518,9.17,1.15,0.0336,0.406,0.00376,0.167,52.77,3.21,13.67,38.38
"TS532","TorringtonSq","1",0.438357068091029,0.0481903694378884,NA,NA,NA,11.0132980211964,10.8,1.22,0.0331,0.32,0.00902,0.328,55.15,5.12,8.39,40.79
"TS533","TorringtonSq","1",0.195630393932389,0.0445497601502646,NA,NA,NA,15.2326719130839,15,1.49,0.0313,0.351,0.0056,0.117,57.12,11.36,9.88,43.96
"TS534","TorringtonSq","1",0.239857870587983,0.0835647785747348,NA,NA,NA,17.1332853783966,16.9,1.45,0.0302,0.418,0.00375,0.096,57.04,10.8,7.96,44.27
"TS535","TorringtonSq","1",0.247072789058964,0.138737942043229,NA,NA,NA,17.839724628949,17.5,1.37,0.0387,0.466,0.0119,0.239,60.35,10.31,8.38,46.35
"TS536","TorringtonSq","1",0.252511389576098,-0.0536841332835511,NA,NA,NA,12.6594985082369,12.4,1.35,0.0366,0.509,0.0108,0.216,55.54,8.41,16.14,41.21
"TS537","TorringtonSq","1",0.329679421636713,-0.0339882588996895,NA,NA,NA,9.98722928727431,9.82,1.44,0.0288,0.399,0.0055,0.203,52.9,5.61000000000001,12.97,41.36
"TS538","TorringtonSq","1",0.294929619605609,0.0601823816063201,NA,NA,NA,14.359218335577,14.1,1.4,0.0344,0.359,0.00916,0.23,56.3,10.09,9.27,43.57
"TS539","TorringtonSq","1",0.173100674585382,0.0862820537650132,NA,NA,NA,30.0339771753295,29.4,1.57,0.0573,0.363,0.00967,0.481,64.32,14.8,13.95,48.53
"TS540","TorringtonSq","1",0.471885791971163,-0.0965525133748449,NA,NA,NA,7.88205662627813,7.74,1.38,0.0258,0.445,0.00902,0.257,49.33,2.64,12.12,37.91
"TS541","TorringtonSq","1",0.045786293133607,0.0282729929432503,NA,NA,NA,20.2841372953352,20,1.58,0.0298,0.404,0.0093,0.246,59.17,16.54,14.17,46.21
