"GroupID","LocationID","Lockdown","ISOPleasant","ISOEventful","Human","Traffic","Natural","N5","S","R","I","FS","LAeq","LA10_LA90","LCeq_LAeq","SIL3"
"CT501","CamdenTown","1",0.0718369263757729,0.164759450073137,3.16531581035152,3.82674927985137,2.10621658312529,18.1,1.56,0.0371,0.361,0.007,59.44,12.32,9.35000000000001,46.95
"CT502","CamdenTown","1",-0.0570432007823072,0.384794403641882,3.27135517804176,3.76495872887625,1.48871550404757,35.2,1.92,0.0387,0.339,0.00656,69.67,15.15,7.19,57.73
"CT503","CamdenTown","1",-0.059380095865886,0.468287566526935,3.33049520291135,3.73248709778516,1.28878026514123,37.7,1.91,0.0428,0.37,0.0139,72.93,21.23,6.31999999999999,60.66
"CT504","CamdenTown","1",0.0480878715676631,0.230549305072286,3.18986068943958,3.85318387458778,1.89554329757014,19.6,1.79,0.0318,0.462,0.0182,62.28,8.98999999999999,7.76000000000001,51.59
"CT505","CamdenTown","1",-0.0572166565934126,0.363202620828854,3.26395201812383,3.81079103846908,1.57316040474753,35.7,1.88,0.0355,0.34,0.0114,68.39,17.59,6.55,56.76
"CT506","CamdenTown","1",0.0491533221419851,0.274517008176524,3.23332768122164,3.80285688901848,1.89327843359028,19.4,1.66,0.0345,0.334,0.0199,63.66,8.03,5.73,51.95
"CT507","CamdenTown","1",-0.109035059416739,0.433250277254214,3.29063366687257,3.78269858807519,1.36623711128567,41.9,2.06,0.0414,0.332,0.0111,71.87,15.08,5.61,60.78
"CT508","CamdenTown","1",0.0558623382554853,0.196780288612723,3.17234085464895,3.87541443787744,1.98424977696154,18.2,1.76,0.031,0.363,0.0201,60.5,7.81,7.89,50.24
"CT509","CamdenTown","1",-0.0190838123068695,0.33597367166539,3.22406844516933,3.87085146240948,1.62334673566364,29.2,2.08,0.0382,0.336,0.00663,67.45,11.18,5.58,57.61
"CT510","CamdenTown","1",0.0233510179302011,0.308147651482609,3.23302205759053,3.77206766570338,1.68814555359392,22.3,1.83,0.0386,0.338,0.00553,65.12,5.84999999999999,7.81,54.42
"CT511","CamdenTown","1",0.0184563773836874,0.260542256856772,3.21311955901307,3.75000651146716,1.73246420265466,24.4,1.71,0.0367,0.533,0.00673,63.5,11.23,11.11,51.63
"CT512","CamdenTown","1",0.0192083168416381,0.282901443936726,3.22093244333056,3.78801899246683,1.73066762063963,24.1,1.78,0.0368,0.419,0.00532,64.21,10.53,8.96000000000001,53.06
"CT514","CamdenTown","1",-0.0238047178603182,0.346192229129741,3.26144959789503,3.70768437594227,1.52294653461201,30.2,1.8,0.041,0.385,0.0127,67.57,11.75,9.69000000000001,55.46
"CT515","CamdenTown","1",0.0112730164032919,0.332296602803411,3.25044417285493,3.77244516153733,1.67557089011344,24.2,1.82,0.0395,0.349,0.00717,66.14,6.88,6.48,55.18
"CT516","CamdenTown","1",-0.0654419086433663,0.401925477208078,3.27289635611375,3.72568197548971,1.48432946865615,39.3,2,0.0716,0.371,0.0104,71.66,16.07,5.58,58.98
"CT517","CamdenTown","1",0.00468191827863038,0.29300778628482,3.21375633124416,3.85117929701503,1.67164455206539,25.9,2.01,0.0359,0.463,0.0409,66.47,10.73,6.78,56.05
"CT518","CamdenTown","1",-0.0372872689164401,0.263349104229022,3.20735529669337,3.77082461811258,1.72836024400866,30.3,1.79,0.0323,0.316,0.0105,64.07,8.97000000000001,10.27,52.5
"CT519","CamdenTown","1",-0.0736043682948041,0.38237383434424,3.27483768672197,3.69062963107377,1.36996582176969,37.8,1.87,0.0413,0.434,0.00729,69.62,16.17,10.9,57.18
"CT520","CamdenTown","1",0.0110519533340246,0.340743704451047,3.25080663280192,3.76851081872753,1.57101475210046,24.8,1.87,0.038,0.355,0.00655,66.5,9.16,8.2,55.93
"CT521","CamdenTown","1",-0.0772755645487048,0.361102018617886,3.26065856725386,3.70276022841921,1.5209862783463,39.3,1.85,0.0528,0.409,0.00693,69.53,16.41,8.84999999999999,56.15
"CT522","CamdenTown","1",-0.000972431501790189,0.308239615806229,3.21635008975697,3.80342787115881,1.6641620380151,26.6,1.97,0.045,0.344,0.00494,66.18,8.20999999999999,7.47999999999999,55.6
"CT523","CamdenTown","1",-0.0801868291299676,0.374841899094235,3.2228520344551,3.78477525573765,1.3282053343883,37.3,2.31,0.049,0.4,0.00919,71.03,9.74,8.94,60.91
"CT524","CamdenTown","1",-0.0137083073264648,0.285383326624991,3.23126659417145,3.7357343543104,1.62627080739443,26.9,1.8,0.0376,0.377,0.0357,64.67,6.03,10.2,53.89
"CT525","CamdenTown","1",-0.0566353726135999,0.357123231471962,3.24146533289689,3.74599279189354,1.39462107440831,33.8,2.04,0.0392,0.35,0.00741,68.61,10.61,10.49,57.93
"CT526","CamdenTown","1",0.0183892333758552,0.302060416340272,3.23967507007764,3.69245299667538,1.6371994003176,23.2,1.74,0.04,0.435,0.0155,65.65,6.38,10.19,53.45
"CT527","CamdenTown","1",-0.0982634961759273,0.416012289987716,3.28594402190942,3.54208729202995,1.38554233130022,48.5,1.97,0.133,0.498,0.0221,73.65,15.85,7.36,59.22
"CT528","CamdenTown","1",-0.131939623189117,0.426429862816583,3.26857874296092,3.79321488097644,1.37486726366015,44.3,2.2,0.0471,0.317,0.00848,72.67,12.01,5,61.68
"CT529","CamdenTown","1",0.0767227766540263,0.196950734283311,3.19170110990045,3.78433843338771,2.00229146128964,15.3,1.54,0.033,0.355,0.00704,59.51,6.3,9.65,48.03
"CT530","CamdenTown","1",-0.033811862157224,0.376671388527524,3.28526317584688,3.70389974541365,1.49201733750075,31.1,1.77,0.0399,0.391,0.00921,67.99,10.91,8.55000000000001,56.26
"CT531","CamdenTown","1",-0.134255065009141,0.421571662154686,3.27852201569687,3.61864516482539,1.21819149954961,44.2,2.06,0.0554,0.353,0.00793,72.64,8.45999999999999,10.77,60.15
"CT532","CamdenTown","1",0.0431706856589285,0.238703546214932,3.21856862583834,3.7347622318149,1.86158973186801,19.5,1.56,0.0342,0.509,0.0127,61.53,6.00000000000001,10.08,49.72
"CT533","CamdenTown","1",-0.0304291273262505,0.370970050800699,3.27923098248531,3.73534198802226,1.58942105221381,31.9,1.76,0.0407,0.367,0.00662,68.64,14.68,6.84,55.8
"CT534","CamdenTown","1",0.0479820211715713,0.262052871458746,3.21194403150918,3.78365975663819,1.76495752627435,19.4,1.76,0.0344,0.383,0.0113,63.17,7.58000000000001,9.41,52.3
"CT535","CamdenTown","1",-0.0502854599616035,0.392957820961187,3.27916487173813,3.77621628682102,1.57835886310349,33.6,1.91,0.0445,0.33,0.00838,69.71,11.09,4.21000000000001,57.99
"CT536","CamdenTown","1",0.024291675525861,0.270700002347982,3.22590248438798,3.71035651341943,1.69269570375743,22.3,1.67,0.0357,0.347,0.00823,63.3,7.03,11.57,51.71
"CT537","CamdenTown","1",-0.0245453797627485,0.370859734192348,3.2637849972293,3.75605354728339,1.48759244444737,30.9,1.91,0.0409,0.364,0.00507,68.64,13.76,8.22,57.19
"CT538","CamdenTown","1",-0.031080087431953,0.344275571828103,3.25772438570979,3.68496191946461,1.57042464134035,33.5,1.79,0.0598,0.363,0.00892,68.27,14.39,9.04000000000001,55.12
"CT539","CamdenTown","1",-0.0723801307900842,0.331546698615408,3.23045671723567,3.77853744028586,1.52931069000581,35.9,1.98,0.0386,0.335,0.00575,67.35,11.21,9.31,56.48
"CT540","CamdenTown","1",-0.0453599256941502,0.383998837948711,3.27053891986375,3.75329310626765,1.49241304359246,33.5,1.94,0.0476,0.332,0.00854,69.28,11.92,6.78999999999999,57.98
"CT541","CamdenTown","1",0.0175045905939811,0.313460373330561,3.24832624948885,3.72220830978393,1.57751842668652,23.9,1.74,0.0359,0.368,0.0107,64.96,9.43000000000001,10.83,53.9
"CT542","CamdenTown","1",-0.0079575695586542,0.349463369505976,3.25354856591464,3.79222015832573,1.50208999942117,27.9,1.93,0.0369,0.351,0.0142,66.86,11.83,8.54000000000001,56.95
"CT543","CamdenTown","1",-0.0697286643985644,0.334019498803011,3.23554970535617,3.79044663115293,1.55104787455143,36.3,1.94,0.0348,0.342,0.00592,67.66,14.64,8.98,56.16
"CT544","CamdenTown","1",-0.0933060015803155,0.397931591864349,3.25355813777797,3.82297466214968,1.4300750931164,39,2.17,0.0411,0.339,0.00591,70.82,12.11,5.74000000000001,60.46
"CT545","CamdenTown","1",-0.134667909408286,0.410719609079581,3.27558783415279,3.66469909828733,1.49402780358261,45.6,2,0.0688,0.323,0.00985,73.14,9.18000000000001,5.04000000000001,59.12
"ET401","EustonTap","1",-0.158418095241567,0.255799679025064,2.7613736138365,3.43696645074565,1.5857237744598,28.9,1.74,0.0444,0.333,0.00524,69.23,6.22999999999999,6.67999999999999,57.49
"ET402","EustonTap","1",-0.167972725819122,0.131783462794545,2.87433035536187,3.95300608005456,2.13282870160895,22.6,1.62,0.0324,0.335,0.00484,62.97,10.36,5.02,50.56
"ET403","EustonTap","1",-0.132399417940784,0.225900022978184,2.79038444137128,3.63178446765489,1.74403406489341,23.3,1.71,0.041,0.31,0.00417,66.83,8.25999999999999,5.84,55.69
"ET404","EustonTap","1",-0.106250997892343,0.106024940851981,2.87353499626042,3.88732139391414,2.03037167491391,14.9,1.67,0.0286,0.293,0.00532,58.56,2.64,10.71,49.4
"ET405","EustonTap","1",-0.116261181044253,0.221567842063644,2.74160643601921,3.50136080431201,1.70462361643232,22,1.84,0.0402,0.308,0.00449,66.89,3.92999999999999,6.34,56.76
"ET406","EustonTap","1",-0.101080964231784,0.107733924373563,2.9254671881617,3.87071541087995,1.93760713454222,15.5,1.53,0.0318,0.33,0.00717,59.79,4.39,13.6,48.3
"ET407","EustonTap","1",-0.138073041919347,0.239220308879891,2.73120355661726,3.48621573533205,1.61239663794455,26.8,1.84,0.0454,0.316,0.00481,68.41,6.58000000000001,6.89,57.67
"ET408","EustonTap","1",-0.109504138333272,0.101129850865548,2.93250816481713,3.90908283296129,2.18730837103524,15.8,1.52,0.0318,0.311,0.00364,59.59,7.23999999999999,7.7,47.93
"ET409","EustonTap","1",-0.182956863062194,0.232426429988674,2.69675705780297,3.94562853160969,1.62163383131056,29.1,1.93,0.0441,0.315,0.00537,69.98,16.48,6.16,58.47
"ET410","EustonTap","1",-0.158832335344159,0.164342395826297,2.86520588539145,4.05893878925199,1.81257792638553,22.4,1.6,0.0355,0.284,0.00449,64.31,13.06,10.5,51.85
"ET411","EustonTap","1",-0.123241691464394,0.111826040744779,2.89435681118812,3.94593635018818,2.00480972601032,18,1.6,0.0329,0.299,0.00435,60.95,7.63,10.69,49.3
"ET412","EustonTap","1",-0.100149626973668,0.119447706419964,2.76290010754419,3.6948070179693,1.96336292583775,17.7,1.92,0.0353,0.394,0.00354,63,2.69,8.43000000000001,52.93
"ET413","EustonTap","1",-0.110966990011976,0.134591140083979,2.83965522183545,3.74039646322978,1.97032032043926,18.1,1.71,0.0342,0.403,0.00582,61.94,4.07,8.74000000000001,51.38
"ET414","EustonTap","1",-0.0987134466054481,0.202292283808827,2.83459461487175,3.44660621631571,1.87544918269349,19.5,1.63,0.0394,0.306,0.00392,65.36,3.48,5.27,53.79
"ET415","EustonTap","1",-0.0783298593723049,0.120300631227746,2.84198826837739,3.63239980005643,1.9048540575294,15.4,1.72,0.0354,0.338,0.00408,62.05,1.28,11.5,50.93
"ET416","EustonTap","1",-0.184310826563281,0.151325172777961,2.65635486274049,3.77717847968951,1.70475409913271,29.9,2.14,0.0405,0.31,0.00572,67.07,6.81000000000001,10,56.84
"ET417","EustonTap","1",-0.12265357863914,0.153579412222941,2.74111219195633,3.68870572990192,1.67507511669006,21,1.93,0.0359,0.299,0.00408,64.53,2.05,12.7,54.59
"ET418","EustonTap","1",-0.110535025535249,0.156263004092347,2.76913600031615,3.70028060625715,1.87510064455558,18.2,1.86,0.0339,0.294,0.00539,63.33,2.88,8.07000000000001,53.86
"ET419","EustonTap","1",-0.18934965210206,0.227788834054343,2.49147079170484,3.5696193511874,1.42801708926794,34.1,2.45,0.0473,0.357,0.00631,73,7.03,7.28,63.64
"ET420","EustonTap","1",-0.142445978277361,0.203990097897011,2.61785569465228,3.43030886672193,1.6960518253654,25.7,2.17,0.0396,0.344,0.00668,68.93,1.08999999999999,5.22999999999999,59.47
"ET421","EustonTap","1",-0.11382786792992,0.194796283220219,2.68885310411066,3.37840670404095,1.73560075402913,22.9,2,0.0412,0.313,0.00502,68.52,1.39,6.18000000000001,57.44
"ET422","EustonTap","1",-0.108474954989361,0.107276856998509,2.70907122001043,3.68201988176098,1.91773511219929,19,2.07,0.0351,0.295,0.0128,63.85,1.3,9.45,53.95
"ET423","EustonTap","1",-0.105496100511878,0.0751692373178517,2.8185420166512,4.01732852979153,2.09767402971143,15.1,1.84,0.0311,0.295,0.00375,60.25,6.58,9.83,50.03
"ET424","EustonTap","1",-0.145405926725057,0.143288087024271,2.65857359192636,3.95242475381778,1.80945123396441,23.1,2.15,0.0381,0.326,0.00638,65.53,9.31,8.28999999999999,56.4
"ET425","EustonTap","1",-0.198896375953346,0.202929065154878,2.69196059123923,3.85633491270977,1.73999112452294,30.3,1.98,0.0406,0.322,0.00603,69.18,12.4,5.36,57.66
"ET426","EustonTap","1",-0.165913424402782,0.232406450127928,2.71337491146207,3.57843336542869,1.64080175453201,30.3,1.89,0.047,0.349,0.00585,69.35,9.73,6.11,58
"ET427","EustonTap","1",-0.235724032397005,0.271734750043113,2.63549267973395,3.47778017215011,1.50205151979417,39,2.03,0.0463,0.328,0.0057,72.8,8.39,4.63000000000001,61.37
"ET428","EustonTap","1",-0.154488908679725,0.151485849870684,2.82237238255478,3.97335247440251,1.9002783564848,22.2,1.73,0.0345,0.324,0.00389,63.03,9.73999999999999,8.73999999999999,52.4
"ET429","EustonTap","1",-0.199962954635981,0.292752632540257,2.63976425893799,3.40714305588272,1.46081921783655,36.1,1.99,0.0498,0.33,0.00497,73.9,9.53,3.94999999999999,61.98
"ET430","EustonTap","1",-0.106730182676374,0.0572752973640759,2.80464686102286,4.05221976092938,2.10751403372229,14.8,1.9,0.0297,0.325,0.00319,59.37,5.47,10.87,49.77
"ET431","EustonTap","1",-0.261079348783304,0.267536973521186,2.63405325352573,4.02719647453628,1.4191813121488,37.5,2.04,0.042,0.307,0.00567,72.45,17.38,7.17,61.25
"ET432","EustonTap","1",-0.21372091029628,0.233551101857755,2.76615402427643,3.90347287345067,1.64755292867885,31,1.76,0.0386,0.322,0.00505,67.66,12.72,7.18000000000001,56.58
"ET433","EustonTap","1",-0.209337667605777,0.219122110782483,2.71312535823513,3.92988463854937,1.64373228002099,30.5,1.91,0.0386,0.305,0.00478,68.36,12.54,7.25,57.53
"ET434","EustonTap","1",-0.256514440863771,0.239694912960848,2.67051562771957,3.57916378714433,1.5355077173778,39.3,1.99,0.0407,0.321,0.0044,69.67,5.77000000000001,7.5,59.29
"ET435","EustonTap","1",-0.129725817026158,0.109564063149469,2.77382787430584,3.98231529458978,2.02626853237797,18.6,1.91,0.0322,0.309,0.00609,61.47,7.01,8.11,52.22
"ET436","EustonTap","1",-0.163878087020112,0.235558199089039,2.72139804490145,3.61181456770522,1.6830396742686,27.2,1.87,0.0405,0.311,0.00486,68.27,7.37,5.18000000000001,57.79
"ET437","EustonTap","1",-0.21151144369815,0.185410831459834,2.80901817040994,4.07399776086639,1.80157178509352,28.7,1.71,0.0359,0.322,0.00442,66.68,14.93,7.66999999999999,54.06
"ET438","EustonTap","1",-0.234073527005314,0.23575566254432,2.52047675684862,3.92190849305523,1.52536483389844,35,2.37,0.0415,0.325,0.00708,72.11,13.06,4.88,63.07
"MC501","MarchmontGarden","1",0.131732928563412,-0.0825818454549066,2.68673995935177,2.71908484339761,2.98533118810891,12.1,1.85,0.0239,0.422,0.00994,55.61,10.21,8.53,44.21
"MC502","MarchmontGarden","1",0.294069291191677,-0.177881393024571,3.13396724253385,2.80051879676871,3.10837079354933,6.53,1.48,0.0213,0.357,0.00414,46.46,2.99,13.92,36.55
"MC503","MarchmontGarden","1",0.117849429332005,-0.0648275279617128,2.86414994204294,2.48538700092255,2.86341413305543,11.6,1.56,0.0251,0.337,0.00678,52.91,11.68,10.56,42.07
"MC504","MarchmontGarden","1",0.313670911461151,-0.216456299850285,3.14092623107125,3.04452552026332,3.30573992614204,5.6,1.57,0.0199,0.312,0.00321,45.31,1.72,11.95,35.83
"MC505","MarchmontGarden","1",0.301769966076495,-0.208079197265838,2.75829087261368,3.18512102618499,3.32529084684036,8.26,2.08,0.0221,0.341,0.00533,49.31,2.26000000000001,10.25,41.17
"MC506","MarchmontGarden","1",0.166864166681932,-0.0836660026736726,2.72543926283535,2.76079380439464,2.95170411984056,12.6,1.8,0.0242,0.302,0.00424,53.55,8.34999999999999,9.58000000000001,43.66
"MC507","MarchmontGarden","1",0.238827667237308,-0.0221827420946907,2.64764376485671,2.65660898403643,2.71543223521655,11.9,1.75,0.0286,0.398,0.00482,55.48,7,10.61,45.71
"MC508","MarchmontGarden","1",0.240035824177042,-0.147424732180935,2.74432938083237,2.86516156483953,3.08868668324029,9.4,1.94,0.0234,0.381,0.00556,51.76,5.55,11.33,42.36
"MC509","MarchmontGarden","1",0.112497799057075,-0.0901337010233626,2.77533998953645,2.53243879639879,2.88677262315477,13,1.75,0.0232,0.416,0.00685,52.71,10.5,11.96,42.86
"MC510","MarchmontGarden","1",0.313602051733884,-0.112016991321027,3.03902268835578,2.45302696760964,2.74651910645695,7.9,1.44,0.0241,0.411,0.00738,50.13,2.73,17.77,38.92
"MC511","MarchmontGarden","1",0.30029889251509,-0.0694255276143452,2.96656035881504,2.52652995125266,2.72786765526445,8.47,1.43,0.0262,0.373,0.0071,51.86,4.15,14.63,40.6
"MC512","MarchmontGarden","1",0.204259136046707,0.0211636574658625,2.75849553628255,2.50541890556871,2.55716887106354,15.7,1.48,0.0281,0.316,0.00502,56.9,6.98,11.19,44.93
"MC513","MarchmontGarden","1",0.343703903345329,-0.0917045549507048,3.07845934929217,2.53182472640291,2.74035795278344,7.85,1.33,0.025,0.351,0.00683,51.04,1.63,16.22,38.73
"MC514","MarchmontGarden","1",0.24423066054781,-0.124913974929463,3.21826076225754,2.39553755454891,2.8738761641733,7.4,1.22,0.0235,0.315,0.00463,49.09,6.2,15.6,36.3
"MC515","MarchmontGarden","1",0.236146344442326,-0.0889125165274295,3.01654046371844,2.55841916286866,2.83814059177544,8.99,1.41,0.0233,0.371,0.0076,51.42,5.87,13.39,39.61
"MC516","MarchmontGarden","1",0.253911678099046,-0.150597735509778,3.1522223349125,2.48926402352041,2.95620371989227,7.1,1.38,0.0229,0.399,0.00649,48.89,5.55,15.54,36.77
"MC517","MarchmontGarden","1",0.250202871747336,-0.133552968844911,2.96434828645662,2.37469749124779,2.82329937530273,8.19,1.61,0.0241,0.533,0.0217,50.13,5.85,17.78,39.52
"MC518","MarchmontGarden","1",0.122829403935202,-0.120925511105998,2.92984790294666,2.42465530372859,3.01546192786645,10.2,1.61,0.0245,0.451,0.017,54.79,11.72,11.18,40.29
"MC519","MarchmontGarden","1",0.116539197753816,-0.0548598758199305,2.70589116558782,2.27488466677271,2.63663060584481,13.7,1.75,0.0234,0.39,0.00534,55.56,10.1,15.33,44.41
"MC520","MarchmontGarden","1",0.250791537459748,-0.0629948715379396,3.05622291047243,2.62655079271782,2.87759296995851,9.23,1.28,0.0256,0.399,0.00815,54.48,6.09,10.02,39.54
"MC521","MarchmontGarden","1",0.239163037872883,-0.110499363687767,3.07010502405144,2.57076536216598,2.91719424995771,9.46,1.39,0.0245,0.363,0.00551,50.43,6.08,13.13,38.54
"MC522","MarchmontGarden","1",0.268827358812074,-0.102050456467297,3.02659998726096,2.63524326794836,2.9095700918468,8.94,1.43,0.0258,0.34,0.00491,50.38,5.38,12.62,39.26
"MC523","MarchmontGarden","1",0.347099080058445,-0.145663087684809,3.26587768960863,2.60082487038328,2.93219029925671,5.99,1.21,0.0241,0.325,0.00336,47.04,1.8,15.93,35.3
"MC524","MarchmontGarden","1",0.359078554432892,-0.0753895880272328,3.06302314260524,2.78805859206426,2.82972119863353,7.29,1.31,0.0251,0.321,0.00322,50.43,1.12,12.54,39.2
"MC525","MarchmontGarden","1",0.343070375809734,-0.111643501243545,3.08872114394578,2.76821996915437,2.91074955277533,6.86,1.37,0.0241,0.403,0.004,48.89,1.65,13.51,38.25
"MC526","MarchmontGarden","1",0.227885456971377,-0.0927546589318866,3.04053326675719,2.77450371875707,3.00744062859435,7.77,1.39,0.0236,0.346,0.00911,50.33,6.93,9.42,39.2
"MC527","MarchmontGarden","1",0.273094603469979,-0.164773543532622,3.23430378227776,2.76336837885093,3.15979715374861,6.44,1.3,0.0229,0.366,0.00453,48.27,4.84,11.41,35.44
"MC528","MarchmontGarden","1",0.103437832192363,-0.0319632638109205,2.84517279463291,2.48434445356528,2.79565066824673,13.2,1.5,0.0257,0.327,0.0053,53.95,12.04,9.55,42.87
"MC529","MarchmontGarden","1",0.288613729378358,-0.149172080109597,3.10757539844701,2.7423331908105,3.07387679858316,7.14,1.44,0.0243,0.389,0.00738,48.96,4.41,12.34,37.39
"MC530","MarchmontGarden","1",0.205562927494295,-0.0885406329520979,3.04065615966599,2.06228805370639,2.5950432443498,9.44,1.38,0.0249,0.363,0.0108,50.47,7.99,19.89,39.26
"MC531","MarchmontGarden","1",0.325648963057836,-0.0897343257249938,2.97266674820155,2.82319811865974,2.90550699380129,7.78,1.48,0.0253,0.372,0.0104,50.1,2.72000000000001,11.86,40.15
"MC532","MarchmontGarden","1",0.274948404907674,-0.107755811926785,3.10937527737252,2.54186317177581,2.86470667857386,8.24,1.33,0.0248,0.335,0.0053,49.54,4.89,14.38,38.04
"MC533","MarchmontGarden","1",0.307073894867468,-0.0846863358540109,3.05133014775251,2.15921423220338,2.55181405929692,10,1.35,0.0267,0.4,0.00948,51.92,3.41,20.55,39.21
"MC534","MarchmontGarden","1",0.321087189563259,-0.0614973630098602,2.9928369612038,2.40854279182223,2.64121921311736,9.83,1.37,0.0279,0.335,0.00729,52.88,3.32,16.18,40.39
"MC535","MarchmontGarden","1",0.290896928283729,-0.150245744526343,3.07335666425044,2.55969404512489,2.91111025418129,8.86,1.49,0.0232,0.34,0.00572,48.94,3.08,16.63,37.84
"MC536","MarchmontGarden","1",0.300413858289061,-0.101436457639205,3.02615193033226,2.69152606468773,2.89578516249422,7.86,1.43,0.0252,0.318,0.00433,49.93,3.93,12.96,39.27
"MC537","MarchmontGarden","1",0.328952353415189,-0.233364833555162,2.72691923639391,2.88768677645106,3.17879518458864,7.81,2.19,0.0228,0.314,0.00784,49.25,1.38,16.16,41.18
"MC538","MarchmontGarden","1",0.277768346849025,-0.157759598321661,2.91301635955641,2.88847608936328,3.13599183133499,7.53,1.74,0.0236,0.458,0.0142,49.54,4.48,11.41,39.85
"MC539","MarchmontGarden","1",0.235692434369173,-0.0845508206156106,2.96696490103724,2.86205673067101,3.01336808567631,9.18,1.47,0.024,0.397,0.00954,51.6,6.14,8.46,40.34
"MC540","MarchmontGarden","1",0.183833786469814,-0.0808075649031265,2.91783739528474,2.75549960643599,3.05208592982789,10.2,1.53,0.0268,0.405,0.0157,53.11,9.66999999999999,7.12,41.06
"MC541","MarchmontGarden","1",0.104566134213968,-0.0325463081218965,2.60218009273612,2.69395460002301,2.94670371145232,17.5,1.84,0.0302,0.508,0.0184,58.89,12.31,5.36,46.16
"MG201","MonumentoGaribaldi","1",0.261791265351988,0.244725907060149,3.20786129107315,1.75997589326722,2.0079690653985,24.8,1.82,0.0352,0.27,0.00555,65.34,7.78,9.89,54.43
"MG202","MonumentoGaribaldi","1",0.273252522200296,0.24829492353994,3.20378164506345,1.80489691388356,2.02924735621085,24.7,1.87,0.0407,0.339,0.0102,66.01,7.12,8.89,55.07
"MG203","MonumentoGaribaldi","1",0.304574740520432,0.275258921412254,3.20152456986199,1.97459236427305,1.96480918359624,25.4,2.01,0.0558,0.358,0.01,67.21,3.5,8.13000000000001,57.45
"MG204","MonumentoGaribaldi","1",0.342303098354525,0.280169840486224,3.20887242716284,2.10519565565272,2.01563020301942,26.2,1.97,0.0829,0.412,0.00425,68.6,2.22999999999999,6.62,57.2
"MG205","MonumentoGaribaldi","1",0.446358332679086,0.301745662888712,3.25295423453562,2.32884760227616,1.95628899063752,22.1,1.74,0.132,0.403,0.0031,67.58,1.98999999999999,6.89,55.88
"MG206","MonumentoGaribaldi","1",0.442208088793905,0.290539368068402,3.25548572116069,2.27259943094324,1.97496568060988,21.2,1.67,0.124,0.393,0.00337,67.08,1.97,7.44,54.78
"MG207","MonumentoGaribaldi","1",0.469293979228261,0.299446091257615,3.2623499194898,2.37559336205248,1.96559535128214,21.2,1.66,0.143,0.413,0.00345,67.04,1.98999999999999,6.97999999999999,55.04
"MG208","MonumentoGaribaldi","1",0.448513580980623,0.295083666536714,3.25437852928924,2.32027306599251,1.96647218867915,21.5,1.7,0.13,0.418,0.0036,66.91,1.94,7.22,55.25
"MG209","MonumentoGaribaldi","1",0.185186708992474,0.270306822731301,3.11421087154887,2.01377421892602,1.85272203006867,38.9,2.63,0.0465,0.283,0.00631,72.51,3.03,10.38,63.03
"MG210","MonumentoGaribaldi","1",-0.00173146138531918,0.0825904556302078,2.76863519487618,2.4366760408679,2.56037390325356,62.9,4.35,0.062,0.415,0.0174,79.67,7.03,3.55,71.88
"MG211","MonumentoGaribaldi","1",0.219813217949345,0.287201862290899,3.15689506632963,1.97339924027734,1.81438432843367,35.1,2.39,0.0471,0.254,0.00687,71.59,2.23999999999999,10.48,61.44
"MG212","MonumentoGaribaldi","1",0.223768737259106,0.30543184918302,3.1879958745749,1.93341320877184,1.74460924040767,34.7,2.24,0.0497,0.271,0.00483,71.22,2.94,11.16,60.73
"MG213","MonumentoGaribaldi","1",0.123869324662887,0.121428109609581,2.85790600149319,2.39452124281276,2.41806093824603,48.3,3.86,0.0622,0.452,0.00959,75.99,5.04000000000001,5.15000000000001,68.77
"MG214","MonumentoGaribaldi","1",0.192972815554577,0.191210976429962,2.99764982770499,2.19625550006112,2.15450116146718,38.1,3.14,0.0456,0.36,0.0079,72.24,2.40000000000001,7.80000000000001,64.75
"MG215","MonumentoGaribaldi","1",0.273843020368145,0.221440838434612,3.19210641249088,1.82749495195009,2.00819803618289,24.5,1.84,0.0418,0.364,0.0146,64.22,7.73,11.56,53.78
"MG216","MonumentoGaribaldi","1",0.280966589203842,0.252156160204323,3.18671566349392,1.93083743681387,1.89954538081586,27.5,2.01,0.0501,0.298,0.00702,67.85,3.17999999999999,11.78,56.5
"MG217","MonumentoGaribaldi","1",0.285662781285901,0.245188101942802,3.18250681642089,1.94514685654985,1.92755241432357,26.9,2.01,0.0473,0.288,0.00667,67.28,2.26000000000001,11.6,56.23
"MG218","MonumentoGaribaldi","1",0.270507150562346,0.268615483311938,3.19982052725243,1.90127106140395,1.86825451463167,27.9,1.99,0.0431,0.266,0.0089,67.7,2.53,11.27,56.98
"MG219","MonumentoGaribaldi","1",0.221051515095627,0.299966118897314,3.19035546867809,1.9223098688198,1.75506994545115,35.4,2.2,0.0524,0.276,0.00937,71.6,3.17,11.36,60.16
"MG220","MonumentoGaribaldi","1",0.238540808471796,0.284808881678119,3.1928976281678,1.90749560469105,1.78752157738409,32.9,2.11,0.0525,0.257,0.00637,70.43,3.8,11.94,58.7
"MG301","MonumentoGaribaldi","1",0.258927941482326,0.0692698301502022,3.09337896678888,1.59165104612,2.80244430291244,17.8,1.94,0.0289,0.673,0.0904,63.79,19.56,1.79,49.25
"MG302","MonumentoGaribaldi","1",0.358493654857102,-0.0899623100250999,3.01914007000973,1.87879855879192,3.3466510589415,8.64,1.72,0.0242,0.522,0.0234,52.98,11.78,1.61000000000001,40.52
"MG303","MonumentoGaribaldi","1",0.389366858944241,-0.161845295907488,2.97111202743525,2.08044382842685,3.47038756451349,6.62,1.75,0.0213,0.489,0.0147,47.24,7.33000000000001,4.09,37.98
"MG304","MonumentoGaribaldi","1",0.410068731057564,-0.164455217471963,3.0133766004321,2.04838633271884,3.45106630530091,5.65,1.42,0.0246,0.428,0.0122,46.18,5.39,5.51,34.74
"MG305","MonumentoGaribaldi","1",0.396892230916557,-0.162653114276954,2.98175477818884,2.07282655796807,3.44628271018348,6.27,1.67,0.0225,0.455,0.0191,47.25,6.62,4.89,37.22
"MG306","MonumentoGaribaldi","1",0.405264277008939,-0.195476618775695,2.97432574771555,2.0637061597577,3.56800713341351,5.6,1.57,0.0241,0.457,0.0144,46.74,6.45,4.64,34.94
"MG307","MonumentoGaribaldi","1",0.392417668625406,-0.192498627250533,2.96711776434267,2.04773113737078,3.39038217919535,6.29,1.64,0.0236,0.447,0.017,46.89,8.01,8.86,35.74
"MG308","MonumentoGaribaldi","1",0.392478475576412,-0.118831544022827,3.0256273380135,1.99824625958182,3.23012561546553,6.92,1.54,0.0248,0.435,0.0174,48.65,7.21,7.33,37.69
"MG309","MonumentoGaribaldi","1",0.402749593262751,-0.153079771403288,3.01115688025689,2.02231296147048,3.38875774053616,6.08,1.49,0.0226,0.37,0.0159,47.65,5.63,6.06,35.86
"MG310","MonumentoGaribaldi","1",0.393349049888427,-0.102057985513794,3.04248940846722,1.96422644001721,3.21850383098006,7.34,1.49,0.0301,0.444,0.0192,50.14,8,6.4,37.87
"MG311","MonumentoGaribaldi","1",0.324579827336739,0.0144968232987503,3.04515768596323,1.90827618459909,2.94892656966642,14.7,2.04,0.0337,0.668,0.0706,58.85,11.54,2.33,47.96
"MG312","MonumentoGaribaldi","1",0.376552021119483,-0.053137105974041,3.0558313286231,1.93756653429338,3.14505830862063,8.65,1.61,0.0232,0.38,0.0151,52.16,7.16,4.22000000000001,40.89
"MG313","MonumentoGaribaldi","1",0.391146126609035,-0.118148579680847,3.03736127134158,1.97528191580474,3.08428594467325,7.12,1.46,0.0225,0.318,0.0228,48.45,6.37,11.17,37
"MG314","MonumentoGaribaldi","1",0.400556899809338,-0.195197819502951,2.96978378846338,2.07988290616254,3.53675765376429,5.91,1.61,0.0205,0.378,0.0186,46.25,5.76,5.27,35.37
"MG315","MonumentoGaribaldi","1",0.404741057786163,-0.198629181607503,2.97511583670482,2.06081297379295,3.3916274500481,5.74,1.55,0.0228,0.355,0.0146,46.51,5.87,9.54,34.63
"MG316","MonumentoGaribaldi","1",0.396163894103129,-0.196365956271854,2.97135329357729,2.06008211181658,3.51173240140361,5.98,1.59,0.0217,0.388,0.0149,46.03,7.07,6.11,35.11
"MG317","MonumentoGaribaldi","1",0.403780415501281,-0.208539669519679,2.95823775695414,2.0911295549235,3.5854653819325,5.77,1.63,0.022,0.378,0.0135,46.41,5.77,5.12,34.99
"MG318","MonumentoGaribaldi","1",0.391045863312751,-0.157493279355161,2.99927240013619,2.02734547953965,3.37801399127017,6.69,1.56,0.021,0.378,0.0162,47.16,6.7,6.53,36.36
"MG319","MonumentoGaribaldi","1",0.365058739495626,-0.171287427215734,2.97285876150336,1.93463876627688,3.57615052678544,7.04,1.69,0.0201,0.378,0.0151,48.94,11.87,2.27,37.01
"MG320","MonumentoGaribaldi","1",0.367012080694174,-0.0630827121007969,3.04411340459197,1.87868036933712,3.25132783202669,8.5,1.66,0.0265,0.359,0.0275,53.45,10.81,2,41.04
"MG321","MonumentoGaribaldi","1",0.329084687426607,-0.149431596436405,2.92632130424564,1.83465202957977,3.37256042778091,8.4,2.14,0.0187,0.444,0.0269,55.06,17.32,4.89,42.14
"MG322","MonumentoGaribaldi","1",0.330441316964109,-0.149293301519015,2.92333284081042,1.9194534458089,3.41742690482492,9.66,2.19,0.0238,0.681,0.0561,54.15,16.34,3.13,42.85
"MG323","MonumentoGaribaldi","1",0.343327257549522,-0.166831933591333,2.93497492810142,1.89336718634789,3.27776858189667,7.89,1.99,0.0176,0.413,0.0156,52.05,14.55,9.17,39.99
"MG324","MonumentoGaribaldi","1",0.348547968127571,-0.124395015704159,2.97963224048303,1.8502662444308,3.2368714776371,9.27,1.85,0.0256,0.4,0.0199,54.92,13.41,7.12,40.33
"MG326","MonumentoGaribaldi","1",0.355225140690291,-0.226137236849228,2.9549962278246,1.88313264116415,2.98008764370598,7.91,1.57,0.0223,0.48,0.0141,47.96,13.29,22.55,33.7
"MG327","MonumentoGaribaldi","1",0.333307590967122,0.00200708198471332,3.05052175279859,1.84989226089614,3.05010311142128,11.1,1.92,0.0219,0.452,0.0397,56.21,12.3,1.33,46.14
"MG328","MonumentoGaribaldi","1",0.3465148147165,-0.0172349353059149,3.04963448133991,1.89576894736494,3.00683609524339,10.4,1.83,0.0223,0.387,0.0269,54.17,10.64,4.34,44.46
"MG329","MonumentoGaribaldi","1",0.37315774387113,-0.0705675175732608,3.07481060035031,1.85563402205041,3.1028698379593,8.36,1.39,0.0272,0.333,0.0175,51.25,9.86,7.14,38.14
"MG330","MonumentoGaribaldi","1",0.328100577061536,0.0848377082939219,3.11040759333216,1.81046665633743,2.79272467580726,11.9,1.87,0.0241,0.383,0.0594,57.41,12.76,1.18000000000001,49.08
"MG331","MonumentoGaribaldi","1",0.364992382726238,-0.0432489413260189,3.04781191053166,1.89431002869931,3.18968951310261,7.75,1.74,0.0208,0.381,0.0435,52.56,10.78,1.56,42.72
"MG332","MonumentoGaribaldi","1",0.343374423721703,-0.0381021942882413,3.04294217553268,1.82277937159396,3.20569373391297,8.57,1.81,0.0191,0.407,0.0576,53.97,13.76,0.410000000000004,43.67
"MG333","MonumentoGaribaldi","1",0.336293550674767,-0.0520326308664468,3.05785781054715,1.73410968394923,3.24273279006447,8.71,1.61,0.0221,0.453,0.0303,53.72,16.18,1.4,41.02
"MG334","MonumentoGaribaldi","1",0.31066671471749,0.0284573932791233,3.09709235533788,1.6849738178333,2.98149127693593,11.8,1.7,0.0237,0.422,0.0496,57.01,16.93,1.32,45.16
"PL301","PancrasLock","1",0.178582142204952,0.0340900721003838,1.78552372780747,2.94150848217581,2.67839420849939,21.9,2.77,0.0313,0.314,0.00429,66.19,0.849999999999994,3.61,58.48
"PL302","PancrasLock","1",0.207886322655441,0.0275355596888318,1.9851661509191,2.83082418752362,2.72270010888318,17.7,2.53,0.0279,0.312,0.00383,63.09,0.990000000000002,3.92999999999999,55.58
"PL303","PancrasLock","1",0.230999952557169,-0.00650093307529884,2.21329209969449,2.73570674367298,2.83904784004837,14.4,2.32,0.0264,0.328,0.00416,60.02,1.96,4.57999999999999,51.87
"PL304","PancrasLock","1",0.270169009650597,-0.0566361099480085,2.76610218730418,2.44430052302238,2.84473207041103,8.86,1.73,0.023,0.301,0.00332,52.34,2.66,10.85,43.38
"PL305","PancrasLock","1",0.264716347055977,-0.032866632718182,2.63536535894663,2.47961508304636,2.71475620487921,9.92,1.84,0.0249,0.306,0.00806,54.41,2.18,11.81,45.57
"PL306","PancrasLock","1",0.265045477048828,-0.123946082325702,2.60534137244271,2.45606960693489,2.74013676690592,9.91,2.13,0.0242,0.316,0.0138,52.56,1.47,18.84,44.44
"PL307","PancrasLock","1",0.21959968867899,0.00634019294971341,2.17211970640743,2.65358497587514,2.48627647373357,16.5,2.34,0.0293,0.323,0.00692,60.91,0.719999999999999,12.58,52.65
"PL308","PancrasLock","1",0.247216404854196,-0.0758159041214511,2.54054963576783,2.45795236006586,2.63890641991437,12.3,2.08,0.0262,0.33,0.00887,54.69,2.19,17.02,46.17
"PL309","PancrasLock","1",0.259434411211037,-0.00705447812155299,2.65018379928241,2.5358731724686,2.87343393662144,10.3,1.75,0.0251,0.294,0.00474,54.67,3.79,5.52,45.8
"PL310","PancrasLock","1",0.258018288300726,0.00309091922606991,2.69044863729298,2.28695928221663,2.50259810167186,10.5,1.67,0.0263,0.362,0.00806,54.64,4.61,14.53,45.41
"PL311","PancrasLock","1",0.262282154974421,-0.00877203427100515,2.71186974554012,2.47632912200008,2.74511508951792,10.2,1.67,0.0258,0.329,0.00554,54.46,3.01,9.15,44.94
"PL312","PancrasLock","1",0.256681912627019,-0.021548596526524,2.76086682417454,2.34839400675763,2.83513649244829,10.1,1.64,0.0242,0.36,0.00609,53.67,5.91,8.06,44.05
"PL313","PancrasLock","1",0.265996716281766,-0.0195906679505311,2.80052264408946,2.44806832677512,2.91771615365998,9.18,1.58,0.0233,0.311,0.00378,53.43,3.94,5.81,43.55
"PL314","PancrasLock","1",0.209612452129944,0.0671207545181058,2.49803382516706,2.36531570768378,2.58427730442287,16.4,1.74,0.0275,0.395,0.0099,59.74,6.31,5.94,49.2
"PL315","PancrasLock","1",0.235995557920326,0.00428077120476786,2.77112758190454,2.16908746018995,2.27046620139002,13.7,1.55,0.0285,0.347,0.0101,55.33,4,20.48,44.38
"PL316","PancrasLock","1",0.241332948790982,-0.00946626869982378,2.31174600646858,2.72663770886653,2.7712775249664,13.4,2.2,0.027,0.311,0.00406,58.63,0.920000000000002,7.02999999999999,50.45
"PL317","PancrasLock","1",0.203676946066979,0.0227801593219587,1.96944015530684,2.91619259428968,2.73912321885213,18.7,2.56,0.0307,0.307,0.0043,63.67,0.719999999999999,3.73,55.74
"PL318","PancrasLock","1",0.169373204031829,0.022200795205125,1.72543097983944,2.96750393962101,2.69377482675614,23.1,2.88,0.0314,0.32,0.00386,66.73,0.670000000000002,3.94,59.12
"PL319","PancrasLock","1",0.169024710011464,0.0379917080491499,1.76903944550914,2.95763412108088,2.6658455007788,23.2,2.78,0.0318,0.305,0.00407,66.6,0.690000000000012,3.51000000000001,58.78
"PL320","PancrasLock","1",0.163721973783298,0.0403149548032851,1.69588266781944,3.00995382991085,2.67816975041682,24,2.87,0.0327,0.316,0.00453,67.51,0.679999999999993,2.70999999999999,59.83
"PL321","PancrasLock","1",0.0447074732968788,-0.0183082763081346,1.05751352834358,3.27114754387719,2.80941123782752,39.3,3.86,0.0366,0.358,0.00646,74.67,1.48,1.48999999999999,67.73
"PL322","PancrasLock","1",0.263025308989563,-0.0657153689094312,2.72310273973014,2.4552880210058,2.81085314959176,9.94,1.81,0.0239,0.369,0.00609,52.98,2.39,12.3,43.83
"PL323","PancrasLock","1",0.266466506957719,-0.0825513265594896,2.82497291783622,2.41302276421872,2.77668484318872,9.6,1.72,0.0241,0.312,0.0036,51.46,2.08,14.96,42.15
"PL324","PancrasLock","1",0.257972649349301,-0.0223734746894644,2.71338631891227,2.37626157113297,2.61222667662263,10.6,1.71,0.0245,0.302,0.00437,53.35,2.70999999999999,13.94,44.66
"PL325","PancrasLock","1",0.236126766656447,0.0543438046690753,2.63682521362459,2.30117087052182,2.39203592492503,13.7,1.59,0.0306,0.317,0.0108,58.21,5.56,12.52,47.08
"PL326","PancrasLock","1",0.268203471204288,-0.0981175775425464,2.9038248081608,2.18488100330346,2.56859266451554,9.05,1.66,0.0223,0.319,0.00816,50.34,2.4,22.07,40.79
"PL327","PancrasLock","1",0.222770941923367,-0.0101878143252245,2.7233405769721,1.93718164156702,2.47141458239104,13.5,1.66,0.0237,0.322,0.0192,55.16,9.86,16.51,44.75
"PL328","PancrasLock","1",0.276754686544474,-0.129211303411188,2.81934248638486,2.41340991436714,2.87389991672922,8.03,1.86,0.0217,0.322,0.00558,49.76,1.68,16.53,41.41
"PL329","PancrasLock","1",0.275637312824097,-0.129145245424152,2.81470817886155,2.33810067636236,2.76046219787201,8.15,1.87,0.0218,0.325,0.0113,49.7,1.86,19.6,41.45
"PL330","PancrasLock","1",0.253368731108994,0.009438193863161,2.73762662412976,2.29677191098029,2.39672928650526,11.7,1.58,0.0295,0.387,0.00728,55.63,3.9,16.61,44.93
"PL331","PancrasLock","1",0.26545352794029,-0.0413701227680704,2.75584939206352,2.42938018679955,2.63227343511883,10.1,1.7,0.0265,0.387,0.00549,53.26,2.02,15.01,43.79
"PL332","PancrasLock","1",0.169150279234094,0.112811095183236,2.45443730323137,2.182339558147,2.17236339643518,22.1,1.66,0.0374,0.434,0.00922,63.06,10.71,12.26,50.65
"PL333","PancrasLock","1",0.172727819387004,0.0432347318186666,2.52750551226952,2.15714017513831,2.51606656131924,20.5,1.76,0.0302,0.385,0.00826,59.52,11.06,9.66999999999999,48.43
"PL334","PancrasLock","1",0.269052004197187,-0.0504030210652845,2.77225704944431,2.45047458783926,2.73730607140145,9.51,1.7,0.0265,0.331,0.00417,53.15,2.75,13,43.43
"PL335","PancrasLock","1",0.260887399989442,-0.0313613424883172,2.71832314486108,2.461279749838,2.73893913904453,10.5,1.72,0.0274,0.411,0.00789,54.4,3.61000000000001,11.16,44.49
"PL336","PancrasLock","1",0.157323283334217,0.0226521851885388,1.59605747501896,3.07732103832883,2.73137194969932,24.9,3.05,0.0337,0.357,0.00415,68.09,0.940000000000012,2.45,60.91
"PL337","PancrasLock","1",0.204977579675125,0.0311593067381018,2.00552645405468,2.8681429504488,2.68012814939439,18.5,2.49,0.0304,0.315,0.00452,63.45,0.68,4.70999999999999,55.38
"PL338","PancrasLock","1",0.203099846532302,0.0362666128183363,1.99367647927966,2.89984452107147,2.70873808813851,18.8,2.49,0.031,0.309,0.00376,63.88,0.809999999999995,3.43,55.64
"PL339","PancrasLock","1",0.100146590720787,0.019583253289147,1.26453283103133,3.23351255041265,2.72820839159262,32.5,3.49,0.0361,0.336,0.00499,72.43,0.440000000000012,1.36999999999999,65.47
"PL340","PancrasLock","1",0.192066303661297,0.0295263081550013,1.90973053192652,2.93550017084532,2.7284356313349,20.2,2.62,0.0314,0.297,0.00417,64.53,1.01000000000001,3.2,56.68
"PL341","PancrasLock","1",0.17915412533613,0.0362539139535487,1.84865360376446,2.89227029623758,2.64350436567658,21.8,2.68,0.0312,0.312,0.006,65.8,0.919999999999987,4.55,57.65
"PL401","PancrasLock","1",0.212004099689356,0.00507242938546859,2.0477596524533,2.82558887213577,2.80553366407074,17.1,2.51,0.0282,0.329,0.00954,62.09,1.67,3.95,54.33
"PL402","PancrasLock","1",0.266940533941886,-0.0600585022165522,2.78121916482078,2.33974245930159,2.62050479434601,9.63,1.72,0.0257,0.36,0.0137,52.79,2.87,17.08,43.11
"PL403","PancrasLock","1",0.278513480001823,-0.11174670808085,2.85930480596994,2.42791977606274,2.92346377256998,7.75,1.76,0.0219,0.319,0.00731,49.86,2.15,13.91,41.15
"PL404","PancrasLock","1",0.217375703829315,-0.0437505866222897,2.78167891432602,2.03886687869891,2.60520847771357,14.6,1.66,0.0265,0.343,0.00909,54.85,9.84,15.63,43.47
"PL405","PancrasLock","1",0.219240388092738,0.00643662978919723,2.65884737747805,2.09661431263157,2.40642136167786,14.9,1.69,0.0284,0.36,0.00624,56.61,8.56,16.25,45.98
"PL406","PancrasLock","1",0.267611128715774,-0.133894904241983,2.55087109343669,2.74950423384322,3.20559143634357,9.5,2.22,0.0227,0.3,0.00259,53.25,0.759999999999998,7.03,45.08
"PL407","PancrasLock","1",0.268606646411741,-0.140952558081202,2.62805316055404,2.69882504452545,3.27252348479049,8.99,2.14,0.0211,0.289,0.0034,51.95,1.51000000000001,6.25,43.88
"PL408","PancrasLock","1",0.27177763499074,-0.118870597896858,2.64598535379632,2.59047978933291,2.99643802584233,8.9,2.06,0.0223,0.307,0.00837,52.18,0.859999999999999,11.78,43.98
"PL409","PancrasLock","1",0.199906228654212,0.00767157284328038,2.24626464553583,2.52577555905158,2.33867122661846,19,2.24,0.0312,0.347,0.0145,60.52,2,16.65,51.64
"PL410","PancrasLock","1",0.228432250483165,-0.019678490577859,2.29905713884528,2.43350020985573,2.42974178567424,14.8,2.25,0.0287,0.328,0.021,59.06,3.34999999999999,16.95,50.42
"PL411","PancrasLock","1",0.129389045974312,0.166953075219685,2.17534193418884,2.98231407053328,2.15852410513821,31.7,1.86,0.0741,0.344,0.0111,70.36,15.39,6.33,55.54
"PL412","PancrasLock","1",0.233532865525849,-0.0141578623816868,2.34904636016306,2.67633912761894,2.89080148138325,14.1,2.15,0.0279,0.332,0.0116,60.49,3.05,4.02,49.94
"PL413","PancrasLock","1",0.194647822463206,0.0415918788002787,1.90859310189741,2.93330718880377,2.6956859155254,19.9,2.59,0.031,0.302,0.00424,64.67,0.579999999999998,3.06999999999999,56.89
"PL414","PancrasLock","1",0.168699461298032,0.0290108207464658,1.75270443180122,2.93487223292186,2.70927582268871,23,2.83,0.0312,0.317,0.011,66.54,1.47,3.19999999999999,58.83
"PL415","PancrasLock","1",0.173062848947162,-0.0247126451052563,1.70878548521668,3.00207202886605,2.88114199627593,22.3,3.03,0.0297,0.318,0.00371,65.68,1.09999999999999,2.97,58.56
"PL416","PancrasLock","1",0.227514146421638,0.0224683762269708,2.25667467185624,2.7276889272907,2.76578361674863,15,2.19,0.0273,0.352,0.0113,60,1.81,4.39,51.72
"PL417","PancrasLock","1",0.262276755375819,-0.012525638130834,2.65238601566775,2.51624364836978,2.67191743416603,10.5,1.76,0.0255,0.318,0.00441,54.75,1.22000000000001,11.2,45.69
"PL418","PancrasLock","1",0.243495307938807,0.0213135229555959,2.56009095227847,2.57825808826655,2.69266887959651,13.3,1.79,0.0316,0.419,0.0373,59.03,3.64,7.45,47.53
"PL419","PancrasLock","1",0.182735555852373,0.0088045935800154,2.51557095008762,2.33965975934068,2.71291465250048,19.9,1.89,0.0346,0.676,0.0607,60,11.13,8.04000000000001,47.89
"PL420","PancrasLock","1",0.255252592105039,-0.030490426129887,2.68147855942717,2.50594771124211,2.95023371522567,10.6,1.77,0.0242,0.41,0.00898,54.4,4.24,5.54,44.99
"PL421","PancrasLock","1",0.258237414587111,-0.0433318689717236,2.6821602211957,2.54711010184408,3.03574113975823,10.3,1.8,0.0243,0.528,0.0149,55.06,3.94,4.27,44.79
"PL422","PancrasLock","1",0.276165585034351,-0.0881341033102117,2.80134561195906,2.43150502656267,2.80071392550211,8.35,1.77,0.0235,0.413,0.00664,51.32,1.81,14.83,42.36
"PL423","PancrasLock","1",0.24144329428807,0.00661153106092291,2.76147982351487,2.15430279709339,2.35952347148225,12.7,1.56,0.0291,0.43,0.017,55.53,6.13,18.03,44.53
"PL424","PancrasLock","1",0.274271785481427,-0.0618377861548943,2.82398873764219,2.42933780259399,2.81901895928637,8.55,1.67,0.0253,0.41,0.0109,51.86,3.41,12.25,42.48
"PL425","PancrasLock","1",0.273897514202061,-0.0381326959789202,2.89813765801525,2.3287764291264,2.67560378522406,8.53,1.51,0.0239,0.316,0.0132,51.51,2.66,14.34,41.84
"PL426","PancrasLock","1",0.281958860747565,-0.0791315336636649,2.89456017435883,2.52670880846999,2.9631476323486,7.67,1.62,0.0231,0.298,0.00289,50.59,1.27,10.09,41.24
"PL427","PancrasLock","1",0.262359312694703,-0.054633297005442,2.72287684622218,2.57447534517536,3.03207123352636,9.96,1.78,0.025,0.343,0.0105,53.61,3.58,5.57,44.02
"PL428","PancrasLock","1",0.261514848276116,-0.0405284711786844,2.67342399932719,2.51501207546875,2.71831140524615,10.6,1.81,0.027,0.302,0.00577,53.72,2.37,12.49,44.92
"PL429","PancrasLock","1",0.26065686644463,-0.0554875039860773,2.59714948748632,2.63524848262094,2.99102788778809,10.3,1.95,0.0237,0.304,0.00403,54.22,1.9,6.3,45.73
"PL430","PancrasLock","1",0.248587950911704,-0.0510066137205114,2.40571089306509,2.73917604030396,2.99751737525055,12,2.19,0.0237,0.293,0.00267,56.35,0.900000000000006,5.02,48.45
"PL431","PancrasLock","1",0.191792280686754,0.0214916921786214,1.86718685261306,2.93827120187547,2.77105998839928,20,2.7,0.0294,0.308,0.00388,64.5,0.659999999999997,2.67,57.12
"PL432","PancrasLock","1",0.242466780329716,-0.0054090590744893,2.39743840194649,2.68704323263131,2.84298657143708,12.9,2.08,0.0259,0.313,0.00649,57.44,1.91999999999999,5.26000000000001,49.31
"PL433","PancrasLock","1",0.260586732898787,-0.0445867272404721,2.6102941233702,2.66129398578117,2.99948549473971,10.5,1.9,0.0259,0.338,0.0047,54.8,2.63,5.11,45.75
"PL434","PancrasLock","1",0.270101942101193,-0.045115974357125,2.79125004779815,2.50906190574718,2.93790646597144,9.05,1.66,0.0258,0.345,0.0039,53.13,3.91,7.36,43.26
"PL435","PancrasLock","1",0.252787871519559,0.00499862860324701,2.79049972360142,2.34019026882491,2.83547499813356,10.7,1.52,0.0266,0.33,0.00757,55.28,7.2,5.64,44.14
"PL436","PancrasLock","1",0.267878770804665,-0.0151946848882215,2.89685095939573,2.41412059613538,2.81480269664084,9.32,1.44,0.0264,0.32,0.00465,52.69,4.41999999999999,8.46,42.3
"PL437","PancrasLock","1",0.066658504955716,0.100894120373356,2.00250126979973,2.1645015440585,2.31754091211854,33.8,2.29,0.0359,0.39,0.0122,67.7,15.26,7.81999999999999,56.68
"PL438","PancrasLock","1",0.145534159658063,0.194010572071425,2.52958632877714,2.34680885996394,2.02593770679944,27.2,1.31,0.0615,0.38,0.00665,68.07,18.42,8.55000000000001,51.16
"PL439","PancrasLock","1",0.215600314828568,0.138465404011738,2.71265988218356,3.09428835154942,2.23434648889783,22.4,1.21,0.0796,0.459,0.0114,66.35,12.07,8.2,47.76
"RF301","RegentsParkFields","1",0.612355429540743,-0.17890697562043,3.05997993880056,1.90486828097619,3.24269292125916,7.12,1.63,0.0204,0.454,0.0152,47.21,7.35,17.84,37.5
"RF302","RegentsParkFields","1",0.697816875783153,-0.129258001802256,2.96331258655269,1.95708786652983,3.39622769128744,7.64,1.71,0.0211,0.557,0.0182,51,10.93,9.87,40.37
"RF304","RegentsParkFields","1",0.540401759267521,-0.186162710963547,3.16201532253729,2.15578301960282,3.29776589109608,5.93,1.45,0.0221,0.469,0.0139,47.16,5.21,16.16,35.51
"RF305","RegentsParkFields","1",0.512874792004449,-0.12202584688322,3.06244132175599,1.84467994825844,2.82204900909113,8.92,1.51,0.0221,0.524,0.0146,49.22,5.08,23.49,38.71
"RF306","RegentsParkFields","1",0.644327301161699,-0.0296768377105216,2.99224015163022,2.03681452883949,3.15527685290176,10,1.46,0.0249,0.578,0.046,56.72,11.49,6.91,41.97
"RF307","RegentsParkFields","1",0.452987772428325,-0.102274929887411,3.15892186653177,2.20501956549621,2.92233646759994,6.46,1.29,0.022,0.376,0.0118,47.89,2.15000000000001,18.34,37.37
"RF308","RegentsParkFields","1",0.580104466438836,-0.0792160997836732,3.13204222351581,1.54804260081976,2.60692607776601,10,1.29,0.0242,0.505,0.0137,51.15,8.83,24.46,38.41
"RF309","RegentsParkFields","1",0.48306184558428,-0.112468793769289,3.16977710698052,1.76342555967353,2.65154636360328,8.34,1.29,0.0235,0.382,0.0242,49.88,4.5,26.28,36.95
"RF310","RegentsParkFields","1",0.387800042350882,-0.0672230469315897,3.11088046351429,2.14386910657721,2.65346881071667,9.97,1.3,0.0271,0.398,0.00846,53.4,3.24,22.03,39.12
"RF311","RegentsParkFields","1",0.396194026961702,0.0152136591449459,3.07208396357452,1.9937361994258,2.26878901624554,15.1,1.21,0.0359,0.422,0.0201,57.02,9.23,24.86,41.6
"RF312","RegentsParkFields","1",0.49729040544787,-0.121376391341797,3.18576970486359,2.01637177978697,2.90524304901431,6.95,1.28,0.0236,0.502,0.0251,48.62,4.66,20.45,36.44
"RF313","RegentsParkFields","1",0.485990356812822,-0.102044120108755,3.02842026582662,2.29839551041538,3.02983093416394,8.78,1.54,0.0289,0.647,0.037,51.38,7.31,16.75,39.7
"RF314","RegentsParkFields","1",0.44804199424266,-0.0893860802955498,2.96464070239923,3.01478142220474,3.41462516094656,9.09,1.64,0.037,0.714,0.0476,51.68,9.89,6.26,41.08
"RF315","RegentsParkFields","1",0.581238992184502,-0.110907283514285,3.04593180766108,2.34746345461217,3.40277732832255,7.58,1.52,0.0233,0.574,0.0214,50.35,7.73999999999999,7.46,39.24
"RF316","RegentsParkFields","1",0.661614533026084,-0.122107399073306,3.03239255146789,2.01684652196699,3.37403358113598,8.67,1.57,0.0223,0.527,0.0329,51.35,10.49,9.45,39.22
"RF317","RegentsParkFields","1",0.510685683823534,-0.160314965690754,3.15568510925857,2.29470638849356,3.26644212790013,5.92,1.41,0.0217,0.428,0.00379,46.03,3.94,14.63,36.19
"RF318","RegentsParkFields","1",0.527510922623921,-0.136550410206849,3.12521885744384,2.14177071215998,3.10928555431808,7.16,1.42,0.0234,0.518,0.00963,47.86,5.72,16.79,37.26
"RF319","RegentsParkFields","1",0.412992914161054,-0.101113729943597,3.28554659564808,2.6402685436888,3.19356679002196,7.39,1.04,0.0286,0.362,0.00685,50.44,4.12,9.72,35.19
"RF320","RegentsParkFields","1",0.434331632356311,-0.0901461641647848,3.03216991867889,2.25170549893177,2.8752821824157,8.77,1.5,0.0248,0.483,0.00575,50.09,3.48,19.24,39.99
"RF321","RegentsParkFields","1",0.459712155337199,-0.0504963307959086,2.93094573457685,2.31139242352165,2.89096447501441,11.4,1.61,0.0275,0.392,0.00629,52.53,6.45,15.9,42.71
"RF322","RegentsParkFields","1",0.490276647485497,-0.132723347644907,3.12082506964315,1.96351532512238,2.85161358910233,7.76,1.42,0.0232,0.496,0.00714,47.81,4.45,23.18,37.43
"RF323","RegentsParkFields","1",0.490857772549181,-0.101707915695092,3.15249221856785,2.01213869254255,2.83105424863229,8.27,1.3,0.0249,0.479,0.0177,49.53,5.43,20.68,37.51
"RF324","RegentsParkFields","1",0.604778698714734,-0.075163110548136,2.9141419370591,2.06221511376775,3.18719472025257,13.1,1.69,0.023,0.319,0.00485,52.25,10.05,10.52,42.49
"RF325","RegentsParkFields","1",0.471539985238155,-0.138382383938264,3.12240762296283,2.43865232742941,3.21060991733208,6.03,1.43,0.0245,0.54,0.01,47.41,3.89,14.38,37.26
"RF326","RegentsParkFields","1",0.43723527793898,-0.156551298595586,3.18802819781583,2.56762363952513,3.32862279264741,5.92,1.34,0.023,0.365,0.00269,46.42,1.9,12.33,35.7
"RF327","RegentsParkFields","1",0.582338081906036,-0.0343732256207282,2.98632741987814,2.10092965307149,3.04796759183109,13.1,1.47,0.0255,0.363,0.00412,53.75,10.43,9.71,42.09
"RF328","RegentsParkFields","1",0.449340527510619,-0.135651649788572,3.13626894663023,2.53150452306312,3.23971724550243,6.24,1.4,0.0248,0.515,0.0135,47.29,3.29,13.33,37.05
"RF329","RegentsParkFields","1",0.53981605365662,-0.134944238271831,3.16324802433139,2.24825969317239,3.23418685246821,6.71,1.35,0.0245,0.582,0.0262,48.45,6.56,13.3,36.55
"RF330","RegentsParkFields","1",0.442260329632306,-0.17328298702551,3.23875361657774,2.57231375457477,3.3685074856534,5.38,1.28,0.0228,0.397,0.00291,44.7,1.83,12.53,34.39
"RF331","RegentsParkFields","1",0.434503715312477,-0.132351024918191,3.21100318519158,2.54902138735954,3.21620508636355,5.95,1.25,0.0243,0.505,0.00479,46.44,2.43,12.93,35.79
"RF332","RegentsParkFields","1",0.417265440018373,-0.104462117800403,3.16612688881346,2.75662593423072,3.24542309394525,7.49,1.28,0.0292,0.464,0.0125,48.3,4.59,10,37.2
"RF333","RegentsParkFields","1",0.558994453233552,-0.106229526455917,3.02845207051077,2.39163363984096,3.36921846376374,8.17,1.55,0.0231,0.531,0.0292,49,7.01000000000001,8.34,39.59
"RF334","RegentsParkFields","1",0.49496741066829,-0.0969422065592639,3.10648265508083,2.27210589793885,3.06832654954871,8.81,1.38,0.0247,0.409,0.0195,48.95,5.64,14.53,38.42
"RF335","RegentsParkFields","1",0.441371283368214,-0.129334485532275,3.20250587238027,2.2698871064015,2.99284498217118,6.18,1.26,0.0241,0.53,0.0114,47.81,2.65000000000001,18.56,36.01
"RF336","RegentsParkFields","1",0.454233579803411,-0.137594383078832,3.00266584865401,2.69092497888862,3.41316207728238,7.92,1.65,0.0263,0.447,0.0072,49.65,4.67,9.77,39.5
"RF337","RegentsParkFields","1",0.437657490287854,-0.163194668391257,3.29109741397625,2.29000584632801,3.09311970506489,5.48,1.16,0.0229,0.365,0.0058,45.7,1.74,18.33,33.67
"RF338","RegentsParkFields","1",0.451411660136286,-0.164654203522252,3.20812432070951,2.49924949167032,3.31778538645153,5.99,1.32,0.0236,0.534,0.00875,46.44,2.72,13.28,35.14
"RF339","RegentsParkFields","1",0.540730545537061,-0.100687377242131,3.10777494561044,1.78763543682056,2.754057383945,9.89,1.38,0.0256,0.492,0.0157,50.54,8.04000000000001,22.85,38.37
"RF340","RegentsParkFields","1",0.45091043474095,-0.095540888000904,3.17785693826519,1.9228179162437,2.63806508092399,10.8,1.23,0.03,0.655,0.0111,52.96,7.15,24.5,37.29
"RF341","RegentsParkFields","1",0.420297730105518,-0.14021294166712,3.28195596621652,2.49426428542165,3.17421074456221,5.87,1.13,0.0244,0.382,0.00511,46.79,1.94,14.1,34.35
"RF342","RegentsParkFields","1",0.498684253424563,-0.0956653686060027,3.11443124699615,2.16206022361645,2.93734942093323,7.87,1.36,0.0261,0.455,0.0179,49.8,6.16999999999999,17.66,38.33
"RF343","RegentsParkFields","1",0.572718725802003,-0.0640386922616887,3.11398196078536,2.13813255346502,3.04260890130536,7.93,1.3,0.0243,0.457,0.02,49.82,8.01000000000001,12.1,39
"RF344","RegentsParkFields","1",0.659683336518298,-0.0559012042388526,3.02296486155088,2.09555945593576,3.26770672580436,9.81,1.45,0.0232,0.453,0.0164,52.45,11.18,5.94,40.89
"RP301","RegentsParkJapan","1",0.706478012542047,-0.125018238781741,2.93740065096718,1.83444562623891,3.92774210396776,7.52,1.76,0.0212,0.477,0.0107,48.91,5.86,8.47000000000001,38.54
"RP302","RegentsParkJapan","1",0.692771135787102,-0.0759987046496027,2.89737536865327,1.76920155600277,3.84740047399825,9.15,1.85,0.0227,0.583,0.0183,52.39,7.05,6.97,41.58
"RP303","RegentsParkJapan","1",0.709408599608452,-0.0630300630826759,2.8783788490691,1.69391722645622,3.89321183541086,9.23,1.9,0.0222,0.624,0.0206,52.5,9.33,5.14,42.6
"RP304","RegentsParkJapan","1",0.721310781864446,-0.125399194910696,2.85869415532932,1.80662230256509,4.05989942409866,8.49,2,0.0203,0.484,0.0116,49.92,8.63,7.25,40.86
"RP305","RegentsParkJapan","1",0.653190261496154,-0.0816368036875071,2.81067108255878,2.31298006973828,3.49719414308504,10.7,2.12,0.0234,0.343,0.00939,52.06,3.39,19.42,43.81
"RP306","RegentsParkJapan","1",0.63556226340166,-0.0501273063641506,2.63382767617009,1.98602664576764,3.97820677694368,12.9,2.64,0.0207,0.298,0.00274,56.76,1.06,9.02,50.14
"RP307","RegentsParkJapan","1",0.613660194264027,-0.0206155763998267,2.58483389041665,1.93778190575227,4.00590621825455,15.3,2.77,0.0225,0.307,0.0067,59.44,2.19,6.82000000000001,52.71
"RP308","RegentsParkJapan","1",0.583916528616345,0.00629294892370004,2.53680880018853,1.90634124712843,4.03127839672626,17.1,2.9,0.0234,0.291,0.00282,61.86,0.560000000000002,5.09,55.08
"RP309","RegentsParkJapan","1",0.52351510348463,0.0404284879722037,2.42452086493772,1.91203358620359,4.14747161992996,22,3.22,0.0273,0.323,0.00379,66.41,0.600000000000009,1.93000000000001,59.69
"RP310","RegentsParkJapan","1",0.444223564419289,0.015408993501446,2.25498909230761,2.07244922181261,4.45549162702938,28.8,3.75,0.0318,0.335,0.00505,70.54,0.579999999999998,0.61999999999999,63.93
"RP311","RegentsParkJapan","1",0.448765583663995,0.0306850527020278,2.27175962964111,2.04053237693664,4.36958395414151,28.9,3.69,0.0307,0.335,0.00384,70.46,0.469999999999999,1.08000000000001,63.95
"RP312","RegentsParkJapan","1",0.529145847109407,0.09601775326229,2.57777250036972,1.89188093229781,3.70822689796477,20.9,2.72,0.0284,0.296,0.00456,64.49,1.05,4.23,57.07
"RP313","RegentsParkJapan","1",0.60284997662384,0.123180088003461,2.83231132446743,1.90614893441982,3.09192510291718,14.9,1.93,0.0257,0.261,0.00464,58.36,2.75,11.07,50.37
"RP314","RegentsParkJapan","1",0.614461875460693,0.0441361132168749,2.88057253620413,2.26233968715075,2.93211297897958,13.6,1.83,0.0262,0.326,0.0099,55.51,3.37,20.85,46.21
"RP315","RegentsParkJapan","1",0.61290439271384,-0.00318531953515315,2.80123033610208,2.35659933461352,3.17312283177628,13.5,2.1,0.0262,0.322,0.0121,55.52,3,20.95,46.92
"RP316","RegentsParkJapan","1",0.619172519235131,0.000102454798371648,2.69916415610096,2.09697261202831,3.5627164956768,13.5,2.41,0.0226,0.329,0.00547,57.22,0.880000000000003,13.48,50
"RP317","RegentsParkJapan","1",0.388513910372252,0.134499957400257,2.32968760626087,2.07497125444104,3.96184201732393,32,3.45,0.0373,0.376,0.00585,72.81,0.599999999999994,0.730000000000004,65.92
"RP318","RegentsParkJapan","1",0.450292039630529,0.0449634451099501,2.32478157165495,2.08710491205873,4.23397191312812,27.3,3.52,0.0328,0.355,0.00452,69.58,0.510000000000005,1.89,62.87
"RP319","RegentsParkJapan","1",0.467714731416633,0.0555391642263384,2.33917678749384,1.98983785592119,4.24348120167999,26,3.47,0.0315,0.353,0.00396,69.38,0.490000000000009,0.329999999999998,62.8
"RP320","RegentsParkJapan","1",0.540584922224725,-0.00631032787401743,2.41075126627512,2.0240645094001,4.23665978758433,20.2,3.29,0.0267,0.339,0.00729,64.92,0.5,4.13,58.47
"RP321","RegentsParkJapan","1",0.586878065106826,-0.0207129563485432,2.51921285420093,1.95733212722168,4.15656312954141,16.2,2.97,0.0243,0.331,0.00372,61.14,0.670000000000002,4.73,54.65
"RP322","RegentsParkJapan","1",0.638029718237454,-0.0439892702593961,2.65563744769284,1.8840418801493,4.07357520334568,11.6,2.57,0.0216,0.304,0.00295,56.29,0.589999999999996,5.39,49.7
"RP323","RegentsParkJapan","1",0.667783347391288,-0.0865780839028197,2.7431590726111,2.01369221196528,3.93618707877933,9.09,2.33,0.0199,0.31,0.00405,52.26,0.640000000000001,10.47,45.56
"RP324","RegentsParkJapan","1",0.677242184192818,-0.132813521798728,2.76888802609623,2.00483481503082,4.10123018944836,8.39,2.28,0.0195,0.309,0.00366,50.15,0.900000000000006,9.63,43.15
"RP325","RegentsParkJapan","1",0.686945377171918,-0.0987486036158511,2.82758288930593,1.98168148933339,3.86087883667453,8.22,2.08,0.02,0.333,0.00577,50.47,2.64,11.14,42.64
"RP326","RegentsParkJapan","1",0.705734998224949,-0.14785356168644,2.79476631882532,1.93707373592014,4.12693573765781,7.55,2.21,0.0178,0.347,0.00538,49.34,2.85,9.54,41.87
"RP327","RegentsParkJapan","1",0.716115218771467,-0.156238474337613,2.78609044150097,1.86401062773512,4.21682341354743,8.38,2.24,0.0181,0.437,0.011,50.17,5.78,7.96,41.92
"RP328","RegentsParkJapan","1",0.706862079609044,-0.160203119722899,2.81366596885695,1.92418664880198,4.16828320387735,7.46,2.16,0.0179,0.349,0.00546,48.55,3,9.05,40.87
"RP329","RegentsParkJapan","1",0.685091629182887,-0.105634347804085,2.77659722535284,1.92587632512493,4.0072667566427,8.84,2.24,0.0181,0.292,0.0033,50.92,1.48999999999999,9.43,43.88
"RP330","RegentsParkJapan","1",0.641676237194109,-0.0814118349287131,2.60711993987174,1.85506889623738,4.30527348637563,12.2,2.74,0.0207,0.32,0.00297,56.76,1.14,3.97,49.85
"RP331","RegentsParkJapan","1",0.593630655310244,-0.0316091971870874,2.51484968942183,1.93912969776515,4.19877208507367,16,2.99,0.0232,0.316,0.00279,60.98,0.530000000000001,4.74,54.39
"RP332","RegentsParkJapan","1",0.532798153672378,0.0308140897601702,2.46930082515602,2.16898712762611,3.81498464942126,21.3,3.09,0.0267,0.352,0.00442,64.4,0.660000000000011,10.32,57.99
"RP333","RegentsParkJapan","1",0.484216893793051,0.0298796824516086,2.33112854480337,1.97647619140507,4.33464522285972,25,3.51,0.03,0.364,0.00389,68.93,0.530000000000001,0.459999999999994,62.14
"RP334","RegentsParkJapan","1",0.614286449317168,-0.0404172794158543,2.57261823950973,1.9168938357764,4.18572131889492,13.6,2.82,0.0231,0.313,0.00318,58.76,0.670000000000002,4.35,52.33
"RP335","RegentsParkJapan","1",0.656937329283797,-0.079375665930662,2.62199950347329,2.03425444227134,4.03807908182116,12.4,2.69,0.0227,0.465,0.0206,57.5,5.51,9.84999999999999,49.68
"RS401","RussellSq","1",0.535043705937998,-0.0369921005015391,3.10028019365725,3.02683843324883,3.06194525608281,8.49,1.34,0.0247,0.385,0.00348,51.22,5.13,11.09,40.91
"RS402","RussellSq","1",0.498195392118788,0.0165469987608763,3.13579756926907,3.41729765586592,2.68441332454719,12.2,1.36,0.0251,0.336,0.00258,54.68,5.85,16.23,43.48
"RS403","RussellSq","1",0.389370457831095,0.127384957280931,3.17938199700871,3.39711627744361,2.53903623145241,27.7,1.64,0.0432,0.382,0.0141,64.72,10.01,11.76,51.12
"RS404","RussellSq","1",0.548054170260908,-0.0231986288425846,3.09142750381379,3.26097852354098,2.89050530307468,9.99,1.47,0.0242,0.399,0.0162,52.49,2.88,15.45,42.64
"RS405","RussellSq","1",0.480194456257175,0.0899884097124731,3.17854904223586,3.67741713697565,2.57240567469127,18.7,1.43,0.0518,0.459,0.0161,61.35,11.02,13.02,47.38
"RS406","RussellSq","1",0.490495112064302,0.0708211289829815,3.13988245738447,3.4521520297954,2.62025719991519,14.7,1.6,0.0307,0.421,0.0167,57.41,6.5,15.07,47.95
"RS407","RussellSq","1",0.552083215046009,-0.0292507196451991,3.07655117893396,3.46810228637331,2.84559917413433,9.65,1.54,0.0237,0.424,0.0242,51.99,2.62,17.85,42.94
"RS408","RussellSq","1",0.543684030242185,0.0759809764740748,3.13568091697503,2.93543743933094,2.76026496851936,13.1,1.64,0.0287,0.44,0.0284,57.21,2.51,11.56,48.39
"RS409","RussellSq","1",0.547969485541037,0.000770672252112178,3.11129684502122,3.13618022080808,2.87114434388718,10.3,1.45,0.0261,0.374,0.0091,53.18,3.25,13.61,43.53
"RS410","RussellSq","1",0.513855953081509,0.0454270943659799,3.15927853103871,3.35571130274466,2.61858458441713,12.6,1.33,0.03,0.342,0.00429,56.06,5.74,15.24,44.42
"RS411","RussellSq","1",0.542570224166241,-0.0298562931191256,3.10273174091859,3.44691576864356,2.79222791311413,10.2,1.37,0.0256,0.369,0.00445,52.96,3.62,17.54,41.59
"RS412","RussellSq","1",0.534728057463428,0.025797670345496,3.12865533978653,3.05003718453265,2.83424639051933,11.3,1.46,0.0271,0.362,0.00363,54.74,3.98999999999999,12.26,44.79
"RS413","RussellSq","1",0.513576284223756,0.0180514116744611,3.12047163536466,3.18613225360171,2.8339742094694,11.5,1.48,0.0259,0.403,0.00622,54.55,5.27,13.12,44.63
"RS414","RussellSq","1",0.559567077134711,-0.0735610615950448,3.05045859268674,3.02695613597733,3.16968987559144,9.31,1.54,0.0231,0.44,0.00831,51.31,2.04,12.71,41.31
"RS415","RussellSq","1",0.528991107359509,0.0616904931487571,3.1493556896993,3.12790329564347,2.70288695673696,12.6,1.49,0.0303,0.377,0.00706,56.84,4.56,12.76,46.61
"RS416","RussellSq","1",0.5522584681729,0.0483181776923381,3.14370259811314,3.00729934398395,2.81615816822004,11.9,1.46,0.0341,0.466,0.00849,56.16,4.22000000000001,10.81,45.73
"RS417","RussellSq","1",0.546453693957744,0.0265654538413343,3.13671849977933,3.39882361648533,2.64067804021886,11.4,1.4,0.0291,0.473,0.00626,55.01,3.54,16.87,44.24
"RS418","RussellSq","1",0.511145167793289,0.0207942014552778,3.15126381399613,3.77697700102963,2.47974845240721,12.7,1.26,0.0295,0.358,0.00668,55.21,5.75,20.57,42.69
"RS419","RussellSq","1",0.532929389089784,0.0642486501368395,3.17886725060084,3.15863946113506,2.57443417874163,12.3,1.27,0.0286,0.32,0.00339,55.81,3.92,14.47,44.59
"RS420","RussellSq","1",0.482477239061316,-0.034983243203695,3.07687133336644,3.29646158627929,3.04327996960475,11.2,1.54,0.0235,0.39,0.00571,52.57,7.36,12.64,42.96
"RS421","RussellSq","1",0.489581577227001,0.0683136842105164,3.15440800520767,3.15559453328251,2.71745042557871,13.1,1.48,0.028,0.336,0.00699,56.43,6.84,11.83,46.75
"RS422","RussellSq","1",0.487171706423467,0.0500574148347823,3.15215606794975,3.08641005744404,2.75619665463039,13.4,1.41,0.0269,0.406,0.0077,56.83,6.51000000000001,11.78,45.38
"RS423","RussellSq","1",0.52914703864221,0.00983586390665465,3.11841039794713,3.12264679683643,2.87054902182398,11,1.46,0.0272,0.339,0.00335,54.61,4.69,12.62,44.15
"RS424","RussellSq","1",0.49400481473528,-0.00278234994157318,3.1144480003283,3.08227067349602,2.99836850002848,10,1.42,0.0254,0.32,0.00321,53.61,7.77,10.17,43.2
"RS425","RussellSq","1",0.539759851889169,-0.0573246491818692,3.08224185723979,2.91936824513768,3.18454378165006,7.84,1.37,0.0232,0.364,0.00424,50.24,4.72000000000001,9.9,40.31
"RS426","RussellSq","1",0.464799179375551,0.0443072116714471,3.14888436821362,2.99810120623137,2.90896144171176,12.4,1.4,0.0278,0.366,0.00534,55.65,9.33000000000001,8.3,45
"RS427","RussellSq","1",0.520866435953495,-0.00734272698817684,3.0891379798362,3.01370575235949,3.03576441559024,11.2,1.6,0.0263,0.404,0.00576,54.74,4.98,10.69,44.78
"RS428","RussellSq","1",0.50620464620649,0.0484652973155455,3.13497936286178,3.05556850502153,2.82544897965654,12.9,1.54,0.0291,0.362,0.00398,56.78,5.91,10.91,46.59
"RS429","RussellSq","1",0.564778551970762,-0.0434324862010933,3.09095618232811,2.97301987955348,3.07133947705527,8.17,1.38,0.0254,0.351,0.00543,51.47,3.06,11.65,41.03
"RS430","RussellSq","1",0.465229882581538,-0.0519779911715338,3.06904731616425,3.25152571905785,3.16920783110919,10.9,1.52,0.0251,0.465,0.00605,52.98,9.49,10.54,42.12
"RS431","RussellSq","1",0.490999103050949,-0.0491353172219772,3.05701284838957,3.16879155334972,3.17749352836753,11,1.63,0.0248,0.488,0.00572,53.24,7.17,10.8,43.3
"RS432","RussellSq","1",0.47097292478477,0.0620560529754632,3.12724721353201,3.20342218785085,2.80035690726098,14.1,1.67,0.0283,0.375,0.00809,57.79,7.82,11.3,48.39
"RS433","RussellSq","1",0.496959583658876,-0.0292777348080953,3.0895065772189,3.10316959433672,3.09913892715935,9.69,1.47,0.0249,0.454,0.00786,52.89,7.58,10.24,42.52
"RS434","RussellSq","1",0.513977320538065,0.0875705432341407,3.16913510910181,2.80256801847927,2.77894239979082,12.6,1.48,0.0303,0.389,0.00551,58.4,5.82,8.34,47.67
"RS435","RussellSq","1",0.534559852606402,-0.0580512080176128,3.07401862003075,3.0797485353795,3.16205725967404,8.82,1.43,0.0265,0.457,0.0134,51.68,5.49,10.96,40.85
"RS436","RussellSq","1",0.488942918323723,0.090492453114802,3.16484364688745,2.95761178808103,2.76425803442102,15,1.53,0.0328,0.398,0.00401,58.43,7.06,8.79,48.28
"RS437","RussellSq","1",0.51884522601126,-0.0754789499997702,3.05467989948977,3.2877200341374,3.15628282169654,8.13,1.48,0.0226,0.509,0.0133,50.06,6.09999999999999,13.1,40.52
"RS438","RussellSq","1",0.507037841599843,0.103997940264049,3.1733277393482,2.8859152873736,2.68340357235795,15,1.53,0.0305,0.314,0.00471,58.45,4.85,9.81999999999999,48.81
"RS439","RussellSq","1",0.516218574655047,0.0135237569308418,3.12373247887025,3.19202948458848,2.84170567002228,11.2,1.42,0.0262,0.393,0.00932,53.62,5.34,13.08,43.78
"RS440","RussellSq","1",0.429145912818686,0.0461535651265589,3.13193789575321,3.25336392886976,2.8862050073108,13.4,1.54,0.0274,0.371,0.012,56.66,11.53,9.71000000000001,46.4
"SM401","SanMarco","1",0.358275323936532,-0.14150217310537,2.768756317842,1.97361901684092,2.94515722995342,6.17,0.92,0.0272,0.323,0.00588,48.05,2.11,17.39,32.16
"SM402","SanMarco","1",0.347595642787411,-0.0662858396082777,2.914501791268,1.88910917829169,2.77608564805756,7.61,0.939,0.0287,0.316,0.00498,51.16,2.04,16.78,34.81
"SM403","SanMarco","1",0.351881811923086,-0.0760321776911536,2.96115166601446,1.95841416777007,2.89700462509758,6.93,1.13,0.0264,0.332,0.00387,49.09,2.02,13.94,36.57
"SM404","SanMarco","1",0.343170236894431,-0.0878350559621651,2.92800468709755,2.0834168314851,2.66641438060575,7.79,1.11,0.0266,0.383,0.00753,49.38,3.73,20.95,35.89
"SM405","SanMarco","1",0.350564965783401,-0.105051958531468,2.90653670848037,1.99075295487247,2.97896348670134,6.7,1.16,0.0255,0.399,0.0066,48.86,4.41,14.07,35.76
"SM406","SanMarco","1",0.344493491862629,-0.134772295920527,2.86812240254521,2.19152442835391,2.7586363273108,7.44,1.25,0.0244,0.459,0.00637,48.27,4.04,22.15,35.53
"SM407","SanMarco","1",0.346194147650706,-0.146041309364062,2.86318845317051,2.20322916041822,2.85613566718467,7.1,1.3,0.0223,0.454,0.00673,47.48,3.98999999999999,20.3,35.69
"SM408","SanMarco","1",0.344700099381198,-0.162849852572189,2.78452697544965,2.20173134177565,2.78231293087539,7.2,1.16,0.0244,0.41,0.00811,47.98,5.56,23.59,33.62
"SM409","SanMarco","1",0.356033592526894,-0.150600876581703,2.80648617257428,2.09356617636694,2.94869484513631,6.07,1.09,0.0238,0.385,0.00672,46.59,3.26,17.72,33.66
"SM410","SanMarco","1",0.336280617233576,-0.0880078338334536,2.95238458492788,2.12366262401482,2.63064152549171,8.56,1.22,0.0291,0.488,0.00878,49.85,5.51,22.16,36.86
"SM411","SanMarco","1",0.35297429238903,-0.100279363072338,2.86618203819685,1.98329822313435,2.80973659626259,6.77,0.975,0.027,0.313,0.00398,49.06,2.46,18.01,34.14
"SM412","SanMarco","1",0.339546332231628,-0.0271483697475017,3.02752454428022,1.53437155992612,2.78974823138953,11.3,1.19,0.0828,0.322,0.00355,55.47,7.6,14.99,38.03
"SM413","SanMarco","1",0.285905155740787,0.0654454437867812,3.21372321616684,1.73528580037485,2.66247751760289,14.3,1.13,0.0333,0.356,0.00407,56.33,11.34,11.01,41
"SM414","SanMarco","1",0.348625702502598,-0.0887830793742234,2.91241363465399,2.00377503017525,2.77835078158145,7.32,1.06,0.0277,0.407,0.00448,49.29,2.73,18.06,35.37
"SM415","SanMarco","1",0.346417643563578,-0.115442561541113,2.86786387694917,2.03218990586797,2.91753664693779,6.89,1.04,0.0239,0.447,0.0134,47.44,6.01,15.81,34.49
"SM416","SanMarco","1",0.359623926758352,-0.168986828510965,2.75790598207771,2.12510583965394,2.91885203527363,5.78,1.06,0.0237,0.426,0.0052,46.43,2.09,19.93,32.66
"SM417","SanMarco","1",0.351606103530129,-0.120266794632505,2.85075970876729,2.00429922685467,2.94789071514855,6.53,1.04,0.0258,0.346,0.00684,47.81,4.83,15.63,34.19
"SM418","SanMarco","1",0.274320356329846,0.186078895886661,3.46368083291808,1.55194717022344,2.49337325613264,15.5,1.19,0.0398,0.252,0.0192,61.14,16.05,7.09,45.68
"SM419","SanMarco","1",0.354363660361066,-0.214794777896495,2.69961573369563,2.18155094738612,3.12578017741385,5.95,1.17,0.0214,0.343,0.00746,44.74,4.5,17.76,32.18
"SM420","SanMarco","1",0.308404246627202,0.0773886285713971,3.23660769417462,1.52890430452212,2.85552206146125,11.8,1.15,0.049,0.208,0.0118,57.67,16.28,5.35,41.5
"SM501","SanMarco","1",0.352931300106838,-0.12336903474789,2.89369973438608,1.91642463620902,3.28460153932202,6.39,1.23,0.024,0.351,0.00704,47.77,3.83,7.27,35.88
"SM502","SanMarco","1",0.355909749429221,-0.145461316630273,2.83929977384763,1.92659546681318,3.33871551048076,5.85,1.17,0.0236,0.35,0.00888,46.65,4.84,7.18,34.63
"SM503","SanMarco","1",0.361688296636434,-0.169609114409823,2.80129776598797,1.90133375589068,3.36877431304864,5.73,1.22,0.0349,0.502,0.015,46.53,5.70999999999999,8.28,34.21
"SM504","SanMarco","1",0.33259971462004,-0.104772001657276,3.00153898274827,2.17177996142913,2.91134045839012,8.36,1.54,0.0236,0.379,0.00761,49.4,7.69,16.4,39.3
"SM505","SanMarco","1",0.351425279719937,-0.0693797131552332,2.96258586132083,2.01045672117888,2.76227962600706,6.72,1.06,0.0254,0.305,0.00345,48.58,3.46,16.68,36.25
"SM506","SanMarco","1",0.350844457207103,-0.0918622847687091,2.88937131578232,1.98010798646043,2.78905335422977,7.1,1,0.0278,0.419,0.00388,49.31,2.37,17.98,34.67
"SM507","SanMarco","1",0.359607834446691,-0.171519114580464,2.76885700257415,2.11030635532954,3.01945105632635,5.57,1.09,0.0238,0.409,0.00533,45.49,3.64,17.22,33
"SM508","SanMarco","1",0.355005205308168,-0.153366086421206,2.81755557371864,2.10217819912418,2.98425097385706,6.07,1.15,0.0245,0.362,0.00924,46.52,4.49,17.02,34.15
"SM509","SanMarco","1",0.357667697273309,-0.161390384189651,2.79520177443428,2.06285147099795,3.10389834145955,5.62,1.12,0.0228,0.353,0.00805,46.08,4.55,14.38,33.61
"SM510","SanMarco","1",0.363717644470937,-0.187643976416332,2.72760969785778,2.05648680728107,3.18571442557073,4.97,1.04,0.0228,0.337,0.00521,44.6,3.8,13.83,32.03
"SM511","SanMarco","1",0.351157102044401,-0.0825684368245453,2.96362952285191,1.96751627104316,2.96444717562642,6.8,1.18,0.0254,0.349,0.00667,48.76,3.13,12.61,36.86
"SM512","SanMarco","1",0.351489649992775,-0.201434711412422,2.69876937324442,1.98180446740287,3.38693909415544,6.01,1.1,0.0241,0.356,0.00788,46.13,7.85,10.23,31.82
"SM513","SanMarco","1",0.359105151566236,-0.18071541249633,2.77267243837025,2.10292986432113,3.14251583378005,5.4,1.19,0.0234,0.385,0.00667,45.7,5.11000000000001,14.91,33.56
"SM514","SanMarco","1",0.346739783791172,-0.11791210019022,2.87049957465051,1.83489311220033,3.33422434910576,6.67,1.13,0.0258,0.327,0.0106,48.94,8.15,5.76000000000001,34.98
"SM515","SanMarco","1",0.349933053017562,-0.18014920560661,2.70829301220016,2.06412123314758,3.0219744726844,6.26,0.985,0.026,0.362,0.00858,47.09,8.32,18.23,31.42
"SM516","SanMarco","1",0.35637319849882,-0.22159526842671,2.64086965863765,2.10643427022582,3.1674863122427,5.38,1.02,0.0237,0.381,0.0119,45.39,7.81,17.21,30.41
"SM517","SanMarco","1",0.353008796858956,-0.192324483332113,2.74062627711616,2.13131390117957,3.12325634082568,5.72,1.16,0.0228,0.464,0.0137,45.79,7.97,16.25,32.85
"SM518","SanMarco","1",0.357160799639064,-0.195557625712909,2.68933146848631,2.06316869600919,3.1281394514227,5.43,1.02,0.0243,0.356,0.00986,46.42,7.03,16.5,31.26
"SM519","SanMarco","1",0.367516228765687,-0.271397079629145,2.53742196522477,2.13839664520253,3.3221062694094,4.26,0.956,0.0215,0.358,0.00403,42.27,4.88,16.21,28.28
"SM520","SanMarco","1",0.356428873830139,-0.220611641778901,2.61560693024705,2.13238257679706,3.05252614938315,5.59,0.903,0.0226,0.337,0.00417,44.73,5.77,19.9,29.39
"SC201","StPaulsCross","1",0.396534504404818,-0.00521710224807351,3.13218526430431,3.19856498472204,2.59840760686539,9.47,1.38,0.0281,0.429,0.00437,52.39,3.71,12.55,41.66
"SC202","StPaulsCross","1",0.400436918962184,0.0208963784450316,3.16339407701918,3.16125993988422,2.51231405126446,10,1.33,0.0285,0.512,0.00353,53.33,3.34,12.87,42.19
"SC203","StPaulsCross","1",0.386067506568672,0.0729969878256271,3.22917420312804,2.84347454561658,2.47478889864667,10.8,1.37,0.0291,0.362,0.00627,55.3,4.12,9.66,44.57
"SC204","StPaulsCross","1",0.370006700407941,0.0446075733854096,3.19399949636431,2.8920482687367,2.57824071737772,10.4,1.38,0.028,0.366,0.00767,54.34,4.93,9.16999999999999,43.57
"SC205","StPaulsCross","1",0.353352840252554,0.129267063138582,3.29871726723688,2.97338940467847,2.27226620811129,15.3,1.43,0.0327,0.333,0.0049,59.22,5.42,10.51,47.24
"SC206","StPaulsCross","1",0.381539782905345,-0.0189258176926324,3.12062764121122,3.32122132503916,2.59923763714204,12.5,1.74,0.0305,0.944,0.00731,55.41,4.11,12.96,44.43
"SC207","StPaulsCross","1",0.285731865739588,0.121010365573515,3.29153970138614,3.29523909936496,2.28867182717441,15.5,1.52,0.0292,0.352,0.00495,58.27,8.31,10.46,47.8
"SC208","StPaulsCross","1",0.386565927575412,0.0278601796029126,3.17348983015224,2.79120195976987,2.62527305777398,10.6,1.4,0.0276,0.408,0.00856,53.89,3.56,9.22,43.11
"SC209","StPaulsCross","1",0.341768178610237,0.074009910724398,3.23115988754091,3.25685549015356,2.39071055952365,13.2,1.47,0.0305,0.357,0.00727,57.03,6.37,11.65,45.5
"SC210","StPaulsCross","1",0.321657610661648,0.0383377080102932,3.18724704326084,3.22585706904738,2.53976114366747,13,1.48,0.0284,0.356,0.00359,55.58,6.92,10.52,44.23
"SC211","StPaulsCross","1",0.24360942135416,0.145441253894141,3.31427093458209,3.58891656558679,2.18552149767233,23.2,1.4,0.0411,0.319,0.00563,63.18,12.04,11.82,47.46
"SC212","StPaulsCross","1",0.365906034751451,0.0742596604933043,3.22992295059813,3.04312981893956,2.430594229606,12.3,1.38,0.0305,0.359,0.00672,56.31,5.25,10.76,44.68
"SC213","StPaulsCross","1",0.294237247426144,0.0910544768722498,3.25663102739671,3.18489881996805,2.38785832956398,15.8,1.62,0.0279,0.412,0.00505,57.41,7.04,9.99000000000001,47.59
"SC214","StPaulsCross","1",0.325869018166339,0.0469199292161298,3.19898017065755,3.01115816913446,2.57743539112325,12.9,1.52,0.0282,0.383,0.00858,55.83,6.61,8.76000000000001,44.94
"SC215","StPaulsCross","1",0.355902092021088,0.0350107542181563,3.1843343307554,2.95973315042054,2.58619243008577,11.3,1.48,0.0268,0.356,0.00301,54.37,4.88,9.49,44.14
"SC216","StPaulsCross","1",0.327705760680669,0.074361944796357,3.23201011303544,3.0099929152197,2.51460426515053,12.9,1.49,0.031,0.389,0.00465,57.18,7.67,8.34,45.7
"SC217","StPaulsCross","1",0.409210740754877,-0.00849633821359475,3.12872676037765,3.27290094638985,2.55864698722108,8.63,1.39,0.0269,0.361,0.00435,51.95,2.81,13.8,41.64
"SC218","StPaulsCross","1",0.293461744510556,0.087351801432724,3.24703718960896,3.17774619077015,2.45462537014892,13.5,1.44,0.0293,0.322,0.00349,57.51,8.9,9.00000000000001,45.73
"SC219","StPaulsCross","1",0.34070774601691,0.0824512504369187,3.24238562481542,2.98969286098969,2.45605666026062,12.8,1.46,0.0295,0.33,0.00346,56.51,6.23,9.24,45.76
"SC220","StPaulsCross","1",0.315461298782034,0.0510772558901309,3.20079582554368,3.20477860275691,2.5342765897354,12.5,1.38,0.0291,0.353,0.00287,55.76,7.89,9.89000000000001,43.78
"SC221","StPaulsCross","1",0.391525242948671,0.0276894306727756,3.17213221453552,2.90622980756765,2.58488583277912,9.49,1.33,0.0267,0.324,0.00312,53.33,3.44,10.42,42.46
"SC222","StPaulsCross","1",0.323090045844265,0.123581548900345,3.29147662466073,2.79375691524283,2.43751698666769,18.2,1.45,0.0388,0.318,0.00415,59.64,8.46,6.63,47.19
"SC223","StPaulsCross","1",0.392381258491627,0.0459703217417252,3.20246335001061,2.80248973630395,2.51319510803041,10.4,1.64,0.0239,0.301,0.00361,54.52,1.72,10.12,46.09
"SC224","StPaulsCross","1",0.344138426336674,0.157833448808711,3.3369500406064,3.78407808742529,1.90820347598208,17,1.53,0.0341,0.356,0.0105,60.15,5.72,17.53,49.29
"SC225","StPaulsCross","1",0.335020992580617,0.0788539789111945,3.23710599122575,3.89832567902878,2.15975194876893,13.9,1.45,0.0307,0.356,0.00955,56.78,6.53,17.33,45.51
"SC226","StPaulsCross","1",0.382309317777884,0.0402866157959462,3.18750760125825,3.82906337488381,2.23541050513629,12.8,1.41,0.0314,0.318,0.00561,55.91,4.28,18.52,43.63
"SC227","StPaulsCross","1",0.291929860127464,0.127364414529811,3.2990655773861,3.25831196545872,2.27188606504007,17.5,1.56,0.0328,0.35,0.0091,59.73,8.36,10.39,48.38
"SR201","StPaulsRow","1",0.253165098222085,0.112218981355379,3.30656544367403,2.26332241165649,2.15218237913122,15,1.44,0.0306,0.342,0.004,58.51,6.41,7.17000000000001,47.52
"SR202","StPaulsRow","1",0.216531418109865,0.145924231351195,3.3532953605802,2.14283122422934,1.89692576373161,18.9,1.6,0.0347,0.314,0.00375,61.62,7.25000000000001,9.47000000000001,50.57
"SR203","StPaulsRow","1",0.27431793861129,0.0119671468753246,3.18275449509092,2.38220903205953,2.52253085835282,11.2,1.29,0.0296,0.401,0.00555,56.8,4.61,7.03,42
"SR204","StPaulsRow","1",0.230270955144844,0.17109981684973,3.38536386891186,2.17766647724349,1.95021765102412,19.2,1.61,0.0343,0.316,0.00412,62.72,9.52,5.82000000000001,51.73
"SR205","StPaulsRow","1",0.262510929262011,0.142043647417683,3.34556421825851,1.95926025254978,2.05489772443343,16.3,1.42,0.0318,0.302,0.00343,60.35,9.87,7.21,48.63
"SR206","StPaulsRow","1",0.218990556763892,0.111563354207303,3.313206606369,2.77242095758431,2.08945431179454,17.4,2.01,0.0343,0.624,0.0144,62.09,5.65,4.09999999999999,53.07
"SR207","StPaulsRow","1",0.179001201172681,0.119213377045184,3.33149844196467,2.26273270569428,1.98354591073199,29.4,2.53,0.0376,0.804,0.0372,67.87,15.43,1.73999999999999,58.54
"SR208","StPaulsRow","1",0.258899227913008,0.132132318295355,3.33338830766458,2.13269862751431,1.99261136780225,14.2,1.52,0.0336,0.503,0.005,60.06,7.52,8.92,49.16
"SR209","StPaulsRow","1",0.265238906726222,0.135960636950886,3.33548925843746,1.74980547734317,1.95938767342579,15.1,1.32,0.0335,0.389,0.00785,59.47,9.52,11.14,47.36
"SR210","StPaulsRow","1",0.291090952008734,0.123957893699228,3.31807829738692,1.64006723156282,1.99697314550103,12.7,1.26,0.0308,0.319,0.00717,57.88,9.43,11.79,46.22
"SR211","StPaulsRow","1",0.25439095336276,0.183267295609114,3.39607970784927,1.96772246647927,1.86418729312154,15.8,1.42,0.0362,0.433,0.00881,61.54,9.82,8.76,50.31
"SR212","StPaulsRow","1",0.245325727728419,0.133576516424877,3.34905682609185,2.26258153211612,2.19254768755699,18.2,1.66,0.0447,0.466,0.0158,68.3,14.78,1.58,50.99
"SR213","StPaulsRow","1",0.294448725594618,0.180232040891624,3.40476687190326,1.36072721676687,2.15004901498561,19.4,1.28,0.0401,0.468,0.0191,69.54,21.77,1.73999999999999,49.29
"SR214","StPaulsRow","1",0.288850347227541,-0.00229432408884533,3.15845663332123,1.72553929596394,2.26284685158372,9.71,1.17,0.029,0.353,0.0058,53.16,4.76000000000001,16.37,40.07
"SR215","StPaulsRow","1",0.241060823051692,0.112932446523605,3.31342729533078,2.11445750646839,2.11212143963244,19.3,1.76,0.0463,0.338,0.011,61.63,16.11,5.35999999999999,50.74
"SR216","StPaulsRow","1",0.298484089939157,-0.0422065435204787,3.10649938854523,2.13832434942798,2.56294788799018,8.67,1.25,0.0271,0.401,0.00972,50.98,4.19,11.46,39.09
"SR217","StPaulsRow","1",0.290595704866098,0.0024089458356599,3.16557194558895,2.46971761827639,2.52813847952083,9.14,1.38,0.0275,0.361,0.0052,53.4,3.73,7.38,42.27
"SR218","StPaulsRow","1",0.288163334696257,0.00608658509476215,3.16917633355203,2.2748032238248,2.49941649763735,9.29,1.18,0.029,0.409,0.00413,53.37,4.15000000000001,9.38,40.52
"SR219","StPaulsRow","1",0.24893047031811,0.0907172754129991,3.27662006387994,2.09335940720567,2.18629451778865,17.7,1.6,0.0338,0.569,0.0334,58.47,10.32,7.12,48.02
"SR220","StPaulsRow","1",0.253982400733179,0.0852622551391062,3.26899396909689,2.19473016833723,2.23403371360111,15.4,1.41,0.0291,0.349,0.0181,56.94,6.41,7.81,45.99
"SR221","StPaulsRow","1",0.29720959300974,-0.00106135220247894,3.16268457392508,2.10849340356695,2.47862459728673,10.3,1.34,0.0288,0.376,0.00427,54.1,6.65,9.17,41.8
"SR222","StPaulsRow","1",0.301205114371304,0.0415206341033348,3.21683722312811,1.97588469959191,2.37284402581905,10.8,1.28,0.0302,0.298,0.00354,55.98,8.41999999999999,8.70000000000001,43.04
"SR223","StPaulsRow","1",0.24308079369618,0.0928856253838031,3.28165175185037,2.04093554826863,1.97884205212384,13.2,1.35,0.036,0.393,0.0131,58.57,4.9,14.07,45.85
"SR224","StPaulsRow","1",0.281255539001023,0.0369067278500158,3.21055555857844,2.24074369356314,2.31056334637591,10.6,1.42,0.0292,0.294,0.00451,55.3,4.77,9.71000000000001,44.14
"SR225","StPaulsRow","1",0.271547454672353,0.0496303666666697,3.22599566545714,2.40780075924624,2.32258086822471,11,1.41,0.0292,0.299,0.00497,55.5,3.79,8.42,44.56
"SR226","StPaulsRow","1",0.238408611559338,0.158650087742683,3.36893110735829,2.06656154637153,2.08761334632559,20.6,1.6,0.0495,0.324,0.0156,62.94,18.57,3.42,51.09
"SR227","StPaulsRow","1",0.192616725640825,0.136200949316032,3.33972106033471,2.82389379323967,2.13598763216804,19.3,1.69,0.0565,0.332,0.0177,61.6,12.93,3.46999999999999,50.96
"SR228","StPaulsRow","1",0.220718954456702,0.154380156453426,3.3662866024209,2.49733824349487,2.08884650527704,18.7,1.68,0.0566,0.367,0.019,64.39,16.48,2.97,51.75
"SR229","StPaulsRow","1",0.187857357120246,0.161556460543627,3.37922388484342,2.65270606154606,1.9584935107978,22.7,2.08,0.0583,0.333,0.0117,65.11,17.04,2.51000000000001,55.92
"SR230","StPaulsRow","1",0.295582210462455,0.00572554945898447,3.16549580840609,2.19128906040698,2.52923703929514,10.9,1.33,0.0265,0.367,0.0262,53.24,6.2,7.73,41.8
"SR231","StPaulsRow","1",0.302040831578235,0.0693974887263655,3.25093826763659,1.93053567667899,2.3129782019067,12.9,1.44,0.0279,0.316,0.0114,56.74,10.15,6.75,45.67
"SR232","StPaulsRow","1",0.249101998943681,0.0986093584482657,3.29599128521784,2.3602977335464,2.12596823601986,17.2,1.96,0.0303,0.363,0.0228,62.03,8.33,4.69,52.03
"SR233","StPaulsRow","1",0.2213566849407,0.131181977088058,3.33295752362551,2.27974917657555,2.06114878313637,20.7,1.79,0.0299,0.383,0.0248,61.58,8.21,5.14,51.67
"SR234","StPaulsRow","1",0.305526353215022,-0.00912337327531176,3.14930591357899,2.0536359247923,2.46268209211334,10,1.44,0.0258,0.408,0.018,53.06,6.33,9.75,42.29
"SR235","StPaulsRow","1",0.292933499356512,0.00355589137797784,3.16531462368458,1.96132268370332,2.33653734516494,9.66,1.29,0.0277,0.347,0.00699,52.9,4.79,13.08,41.42
"SR236","StPaulsRow","1",0.297728881163966,-0.0331017226289706,3.11796887672444,2.02438195246071,2.4754502944637,8.05,1.16,0.0275,0.316,0.00404,51.01,3.49,13.64,38.63
"SR237","StPaulsRow","1",0.306756500704663,-0.0393153319176788,3.1161686133896,2.09296375610139,2.68954539730655,10.8,1.36,0.0285,0.343,0.0239,55.39,8.57,6.67,40.44
"SR238","StPaulsRow","1",0.274083522130282,0.0288659103223161,3.19848083422976,2.2895670537331,2.35849333622906,10.6,1.31,0.0293,0.344,0.00565,54.33,3.73,10.1,42.71
"SR239","StPaulsRow","1",0.302848172233627,0.00697218028801266,3.17162905988343,1.79144554128173,2.44783937303244,12.2,1.29,0.0286,0.301,0.00449,53.89,9.71,9.74,41.63
"SR240","StPaulsRow","1",0.23472189464123,0.0919608996667887,3.28039118138664,2.69463806911399,2.13752149342697,12,1.47,0.035,0.299,0.00273,57.24,1.79,9.10999999999999,46.93
"SR241","StPaulsRow","1",0.230045765487309,0.0763932046513235,3.26066531319252,2.94279081428733,2.26184477016546,11.2,1.43,0.0375,0.28,0.00348,56.79,1.13,7.50000000000001,45.9
"SR242","StPaulsRow","1",0.298379619955142,-0.059831359124362,3.08484603171294,2.38137307560354,2.75788603598319,7.22,1.05,0.0283,0.299,0.00306,50.54,2.91,9.33,36.5
"SR243","StPaulsRow","1",0.286396252720594,0.0472805294340953,3.22220623147915,2.14719201618492,2.38249412794181,12.4,1.37,0.0278,0.421,0.00537,55.1,7.15,7.41,44.06
"SR244","StPaulsRow","1",0.295843001503371,0.0685578458832962,3.24773189206339,1.87979591319081,2.30789336105794,12.4,1.23,0.0297,0.361,0.00471,55.45,9.34,8.67,43.6
"SR245","StPaulsRow","1",0.279076909419431,0.0330706004330858,3.20237531574639,1.95825776912892,2.24609408374571,11.6,1.34,0.0298,0.489,0.0132,54.33,5.89,12.55,43.12
"SR246","StPaulsRow","1",0.286748882760841,0.0742308207765772,3.25582154253469,2.18460028214933,2.35613164258192,12.2,1.29,0.03,0.438,0.00419,55.97,7.85,6.41,44.43
"SR247","StPaulsRow","1",0.301292079070886,0.00713886443088074,3.16970157124525,2.00997963195645,2.45535346680144,9.1,1.13,0.0294,0.39,0.00407,53.09,6.06,10.87,40.07
"SR248","StPaulsRow","1",0.28488314568715,-0.0164628473760911,3.13982846734063,2.3439956944288,2.55087299886724,8.49,1.14,0.0287,0.416,0.00455,52.19,2.57,10.33,39.17
"TM401","TateModern","1",0.361921623977257,0.0677124697009263,3.29091029280334,2.60187013224747,2.69170086948192,14.4,1.22,0.0303,0.34,0.0111,56.82,3.63,10.79,42.42
"TM402","TateModern","1",0.28910886559298,0.157683090340789,3.41762196897979,2.56677872684178,2.51283012052311,18.5,1.23,0.0358,0.373,0.00721,62.42,14.73,10.33,45.04
"TM403","TateModern","1",0.337042100294314,0.075314721314736,3.28769333142167,2.6890952333669,2.44706809258093,14.4,1.14,0.0319,0.368,0.0064,57.07,9.94,16.47,41.9
"TM404","TateModern","1",0.390040054994574,-0.0271539691158053,3.17755361095209,2.80490106907138,2.82801610765711,9.75,1.37,0.0263,0.471,0.00844,51.89,4.44,13.51,40.98
"TM405","TateModern","1",0.315163632714631,0.0992366201227122,3.35756056179599,2.66827843301116,2.65950484634528,15.8,1.31,0.0311,0.391,0.00517,58.05,12.16,9.83,44.28
"TM406","TateModern","1",0.312329863781507,0.0879511391414441,3.33417059679285,2.669905987116,2.69857610616779,15.7,1.3,0.0298,0.324,0.00582,57.99,12.58,9.66999999999999,43.75
"TM407","TateModern","1",0.362561908895269,0.043266034919646,3.29107244530476,2.73588895657885,2.73259811485444,12.4,1.39,0.0279,0.365,0.00509,54.95,6.42,11.52,43.39
"TM408","TateModern","1",0.395132803159804,-0.00430057927309802,3.17809984998643,2.69541005637126,2.86128999721278,8.98,1.15,0.0278,0.337,0.0045,52.13,5.18,10.28,39.74
"TM409","TateModern","1",0.425591865698772,-0.0886504973829292,3.04805303195664,2.80955976898739,2.88462615465237,6.97,1.18,0.0297,0.372,0.00522,48.87,2.46,15.37,37.28
"TM410","TateModern","1",0.414187547834273,-0.0598181920006938,3.09551180838075,2.75506601093653,2.95254947312186,7.41,1.18,0.0259,0.335,0.00403,49.85,3.05,11.63,38.24
"TM411","TateModern","1",0.381893098993408,-0.0475095437831091,3.10289769707909,2.77515140534916,2.84291054701371,9.75,1.21,0.0287,0.345,0.00489,52.32,7.12,14.51,38.56
"TM412","TateModern","1",0.391421353713579,-0.0659632666471168,3.11520487665962,2.82453833763729,2.99771947021103,9.2,1.43,0.0273,0.498,0.00944,51.63,5.47,12.29,40.06
"TM413","TateModern","1",0.410516978222058,0.0113582256455708,3.22148554790352,2.71611587542188,2.72092167043278,9.52,1.27,0.0353,0.63,0.00824,53.29,3.05,13.43,41.3
"TM414","TateModern","1",0.403733281607533,-0.0557222433284454,3.10255827387018,2.78087793657992,2.8589835743451,8.68,1.22,0.0286,0.555,0.00603,50.82,4,14.21,38.61
"TM415","TateModern","1",0.41244535521672,-0.01399033899445,3.14225497981318,2.69177401736494,2.70041601595339,8.74,1.07,0.03,0.345,0.00397,52.31,2.32,15.12,38.56
"TM416","TateModern","1",0.406503079871463,-0.0511236304191442,3.07916109541113,2.70332461442992,2.90457230339991,8.17,1.05,0.0284,0.413,0.00656,50.87,4.24,12.18,37.17
"TM417","TateModern","1",0.389405074730678,0.023386294124571,3.24812201940625,2.68780859534854,2.86988564250324,10.6,1.33,0.0368,0.609,0.0245,54.49,6.44,9.07,42.18
"TM418","TateModern","1",0.386917724893217,0.0456616971833272,3.25154579661334,2.62421355211145,2.7317206177541,11.7,1.2,0.039,0.653,0.0157,56.06,5.69,11.16,41.51
"TM419","TateModern","1",0.375536233908986,0.0651643244720526,3.33791867900277,2.67028024962215,2.85368878397878,11.9,1.51,0.0333,0.691,0.0193,57.26,6.1,7.69,45.02
"TM420","TateModern","1",0.384776627747759,0.0358482626581881,3.25643032892168,2.71566029421814,2.61987261262801,11.4,1.26,0.0336,0.537,0.0115,54.58,4.98,14.52,41.95
"TM421","TateModern","1",0.377477317171289,0.0723719442597471,3.29690173009219,2.63533350097706,2.59512280955679,11.6,1.16,0.0323,0.447,0.019,56.07,5.88,12.43,42.2
"TM422","TateModern","1",0.373960867488411,0.0416336207739354,3.28108935140673,2.76041497451973,2.59107706884406,11.6,1.32,0.0298,0.384,0.00356,54.22,5.88,14.89,42.79
"TM423","TateModern","1",0.375256234180602,0.103027275377766,3.34368166009846,2.59595853877702,2.46382266524215,14,1.18,0.0357,0.315,0.0029,57.66,3.04,14.14,43.26
"TM425","TateModern","1",0.402368360450341,-0.00758042167030987,3.14738308652078,2.67999015281076,2.71438648185108,9.36,1.05,0.0315,0.326,0.0049,52.73,4,14.33,38.55
"TM426","TateModern","1",0.400150113845756,0.00494115266474243,3.18866594149262,2.71019319749312,2.68002933942392,9.46,1.13,0.0293,0.406,0.00413,52.54,3.61,14.37,39.84
"TM427","TateModern","1",0.388760638745713,-0.00591669226047623,3.16129153333622,2.68050119858505,2.84926439944715,9.46,1.15,0.0286,0.425,0.00331,53.6,6.03,11.29,39.4
"TM428","TateModern","1",0.390551973659686,-0.0378368988490795,3.12124819072839,2.75401762874418,2.85259299057972,8.92,1.15,0.0268,0.378,0.00863,51.22,6.03,12.86,38.59
"TM429","TateModern","1",0.379407964645421,-0.0226721209942909,3.13839593058751,2.73995304305241,2.7930933626176,10.1,1.14,0.0281,0.43,0.00501,52.33,6.85,13.6,38.88
"TM430","TateModern","1",0.389167975909057,-0.0143341594410606,3.13715641822351,2.68468591142724,2.80461803723484,9.66,1.06,0.0296,0.444,0.00466,52.6,5.89,12.5,38.4
"TM431","TateModern","1",0.354612970236441,0.0549912811789231,3.26380900416412,2.66583946856356,2.70911291984437,11.6,1.13,0.0298,0.342,0.013,55.23,10.38,10.5,41.36
"TM432","TateModern","1",0.359049147102215,0.0408480933003975,3.25071201115,2.70490636061743,2.66214704627907,12.2,1.21,0.0305,0.46,0.00772,55.18,8.46,13.12,41.55
"TM433","TateModern","1",0.372598059222917,0.00308938296883782,3.19679698030055,2.73280742848868,2.80210804072572,10.6,1.24,0.0291,0.464,0.0107,53.64,7.83,12.01,40.63
"TM434","TateModern","1",0.367918407633934,0.0161859104787048,3.23724604980905,2.77193396974261,2.69741246891462,11.5,1.33,0.0279,0.448,0.0121,53.91,6.85,14.03,41.96
"TM435","TateModern","1",0.344552790797463,0.0564481667110696,3.36555108847025,2.76939031714321,2.90469979271736,13.9,1.73,0.0288,0.678,0.0269,57.04,8.11,7.55,46.83
"TM436","TateModern","1",0.330154365118113,0.0998357463904965,3.42885900215364,2.75276532975431,2.68983289930152,16,1.7,0.0318,0.623,0.0205,58.7,8.53,10.23,47.94
"TM437","TateModern","1",0.372872626528897,0.0181133261475876,3.24367275911649,2.77036347722686,2.69642028010837,11.3,1.33,0.029,0.618,0.0126,53.63,6.43,13.79,42.09
"TM438","TateModern","1",0.36467556258068,0.013441398854777,3.1877067621017,2.72903436546182,2.58713601772663,11.9,1.1,0.0305,0.458,0.00792,53.92,7.70999999999999,16.52,39.65
"TM439","TateModern","1",0.375108838676223,0.0102480187894143,3.21159830281517,2.71308905273864,2.8272042306596,10.9,1.27,0.0303,0.535,0.00696,54.11,7.08,11.06,41.1
"TM440","TateModern","1",0.375126027938535,0.061565410835658,3.30716515696329,2.72138129738837,2.55497521045219,11.6,1.28,0.0291,0.409,0.00947,54.93,5.38,14.33,43.09
"TM441","TateModern","1",0.371388078113901,0.0628002905581891,3.33337356990335,2.70144406664955,2.76666272154272,12,1.44,0.0293,0.426,0.0151,55.73,5.57,9.41,44.53
"TM442","TateModern","1",0.36500552512187,0.0642610699906515,3.30367507606445,2.70488808934289,2.54668224214712,12.8,1.31,0.0317,0.492,0.0195,56.69,6.34999999999999,15.01,43.19
"TS501","TorringtonSq","1",0.088412583052547,0.164518705554438,3.28098429832995,3.75983782265106,1.95031585539101,24.2,1.92,0.0323,0.342,0.00633,62.88,11.4,10.03,52.53
"TS502","TorringtonSq","1",0.202632983034025,0.00186776474378343,3.101251453404,3.39517951133606,2.7035309316919,9.02,1.2,0.0324,0.351,0.0048,52.59,6.05,9.37,38.64
"TS503","TorringtonSq","1",0.177057561903069,0.0560937939275799,3.16189274419697,3.30549771662276,2.43915023297522,12.6,1.41,0.0373,0.376,0.0056,56.06,6.5,10.12,42.99
"TS504","TorringtonSq","1",0.117143411847475,0.132462987699363,3.24642930947207,3.61388880666456,2.01211013150698,20.3,1.81,0.0347,0.408,0.0136,60.69,8.71,11.85,50.15
"TS505","TorringtonSq","1",0.165223215611603,0.0395747453902735,3.14170877906219,3.9889566614595,1.93990979644661,13.6,1.61,0.0324,0.493,0.0152,55.8,5.51,23.1,44.3
"TS506","TorringtonSq","1",0.145553363298309,0.0996645099929086,3.21871259018632,4.03102933016962,1.95715078007037,17.2,1.34,0.0332,0.446,0.0199,59,11.87,19.05,44.34
"TS507","TorringtonSq","1",0.127181385010873,0.053300136794835,3.17222723722084,4.0881268012496,2.01557279278073,19.5,1.43,0.0329,0.42,0.0339,60.77,12.01,20.27,43.57
"TS508","TorringtonSq","1",0.115827692646177,0.163759819290867,3.29001359535505,3.32892087753518,1.95616751363381,22.5,1.47,0.0521,0.551,0.00924,63.08,14.19,12.75,48.26
"TS509","TorringtonSq","1",0.192594552490623,0.0410635105406683,3.1485621664722,3.57766933055915,2.61560942851199,10.9,1.11,0.0314,0.385,0.0039,54.48,10.06,8.86000000000001,39.44
"TS510","TorringtonSq","1",0.187917629224966,-0.0637186678124999,3.03030546805004,4.33785166988252,2.3245558256123,10.9,1.24,0.0267,0.479,0.0151,52.03,8.38,24.24,36.47
"TS511","TorringtonSq","1",0.198155047100376,-0.0525153379578683,3.03938442917994,4.00207751928369,2.41882113557843,8.93,1.24,0.0265,0.464,0.0106,50.65,4.43,21.1,36.8
"TS512","TorringtonSq","1",0.161550886892779,0.12098216049415,3.23785092430585,3.72550252748918,2.39959776692972,15.6,1.36,0.0318,0.463,0.00793,58.35,14.7,5.9,45.24
"TS513","TorringtonSq","1",0.202428488600214,-0.0565874427596354,3.03065055504385,4.06236903245891,2.40502740161446,8.26,1.32,0.0257,0.533,0.00675,49.47,3.93,21.48,37.3
"TS514","TorringtonSq","1",0.162956128803027,0.109611490154197,3.22263423762525,3.57628687425858,2.30891958284016,14.8,1.42,0.0334,0.385,0.0045,57.82,10.48,8.93,45.3
"TS515","TorringtonSq","1",0.169191182204881,0.0542977456682409,3.15570491732861,3.97891721871716,2.33397757852511,13.7,1.57,0.0278,0.391,0.00531,55.41,10.66,12.07,44.4
"TS516","TorringtonSq","1",0.111330454624664,0.126312712357944,3.24075199138835,3.655049320161,2.2066687527726,21.6,1.61,0.0344,0.439,0.00482,60.12,12.16,8.76,47.9
"TS517","TorringtonSq","1",0.0855493776125517,0.192487660070022,3.31462409448363,4.28229880879776,1.93349264902176,25.6,1.77,0.0277,0.328,0.00677,62.89,19.15,9.15000000000001,52.22
"TS518","TorringtonSq","1",0.172173565085076,0.0257182977621697,3.12781284343108,4.25324520595608,1.95763548388601,12.5,1.45,0.0268,0.407,0.0186,54.05,6.21,24.93,42.16
"TS519","TorringtonSq","1",0.106926424824138,0.16935742534268,3.29228452258854,3.60550151443646,2.10803089517485,22.2,1.55,0.0338,0.399,0.00542,62.18,12.67,7.98,49.16
"TS520","TorringtonSq","1",0.192245784569021,0.0233505811037763,3.11938907280902,3.30148518884247,2.55809465506806,9.18,1.57,0.0277,0.414,0.00503,53.83,1.15,8.91,43.08
"TS521","TorringtonSq","1",0.185579148711285,0.0448936716174988,3.14889213562815,3.60780505489199,2.29179313367075,10.9,1.33,0.0314,0.332,0.00487,54.65,4.96,15.57,41.7
"TS522","TorringtonSq","1",0.173742442010391,0.0808041573585499,3.19044519361925,3.23291266402791,2.20579759844026,11.9,1.42,0.0336,0.369,0.00563,57.19,1.37,14.02,44.13
"TS523","TorringtonSq","1",0.173742535344298,0.0879133935047617,3.20117487495458,3.50054027575656,2.15119312316974,12.3,1.42,0.0316,0.416,0.0174,57.35,4.43,14.65,44.52
"TS524","TorringtonSq","1",0.181136118905226,0.0370133256912867,3.13376528154904,3.94474874205307,2.19176223357535,11.1,1.65,0.0257,0.567,0.00954,53.82,4.98,16.79,44.42
"TS525","TorringtonSq","1",0.0134990259458003,0.258820007929465,3.39021688474392,4.17503169931754,1.67339319032802,35.3,2.01,0.0334,0.364,0.00585,68.12,21.14,8.44,57.42
"TS526","TorringtonSq","1",0.157907344551354,0.0405426886516794,3.13897744436172,3.75026507978253,2.46633593299885,14.7,1.79,0.0273,0.519,0.0117,56.17,8.46,8.12,46.04
"TS527","TorringtonSq","1",0.0947917395542064,0.148432276584996,3.2648623517661,3.53825056129572,2.14019948964283,23.7,1.81,0.0359,0.376,0.00644,62.4,11.81,7.13,50.82
"TS528","TorringtonSq","1",0.196170097732011,0.0318741912646605,3.13497114933821,3.27633892202522,2.61500457709148,9.3,1.22,0.0306,0.343,0.00647,53.2,3.64,9.02,40.07
"TS529","TorringtonSq","1",0.190788579913482,0.0335633684060178,3.13316019235885,3.42468509416773,2.55689834249012,10.1,1.43,0.0299,0.505,0.00798,53.29,4.64,9.02,42.15
"TS530","TorringtonSq","1",0.202418057546691,-0.0285396534718941,3.0636900098114,3.63213611480786,2.59383598946693,7.94,1.27,0.0257,0.447,0.00963,49.95,2.06,14.48,37.99
"TS531","TorringtonSq","1",0.198129559670299,0.00724781771854277,3.10815450491881,3.34253883723487,2.53451756660386,9.17,1.15,0.0336,0.406,0.00376,52.77,3.21,13.67,38.38
"TS532","TorringtonSq","1",0.187455603654711,0.0467146216331204,3.15477979180344,3.22678554890478,2.58276876834905,10.8,1.22,0.0331,0.32,0.00902,55.15,5.12,8.39,40.79
"TS533","TorringtonSq","1",0.161508318487001,0.0598847626393785,3.16608951167013,3.76790128723935,2.41229688383981,15,1.49,0.0313,0.351,0.0056,57.12,11.36,9.88,43.96
"TS534","TorringtonSq","1",0.144973078482881,0.0777609952432177,3.18586317065558,3.67437674261303,2.44154264548598,16.9,1.45,0.0302,0.418,0.00375,57.04,10.8,7.96,44.27
"TS535","TorringtonSq","1",0.14377439361426,0.142879312032228,3.26557801362541,3.31941290579843,2.2228970786308,17.5,1.37,0.0387,0.466,0.0119,60.35,10.31,8.38,46.35
"TS536","TorringtonSq","1",0.180933698664771,0.0252668288117634,3.12978878498841,3.68259840080655,2.3182935362556,12.4,1.35,0.0366,0.509,0.0108,55.54,8.41,16.14,41.21
"TS537","TorringtonSq","1",0.193810793514841,0.012354806490574,3.10861447517294,3.69016322081731,2.47262612907927,9.82,1.44,0.0288,0.399,0.0055,52.9,5.61000000000001,12.97,41.36
"TS538","TorringtonSq","1",0.16852717444361,0.0719987163508385,3.18066094066386,3.565402625839,2.42129871342557,14.1,1.4,0.0344,0.359,0.00916,56.3,10.09,9.27,43.57
"TS539","TorringtonSq","1",0.0640438387366794,0.144798446913728,3.26932949146945,3.27306598919093,1.9389724909668,29.4,1.57,0.0573,0.363,0.00967,64.32,14.8,13.95,48.53
"TS540","TorringtonSq","1",0.204867404788986,-0.0558636495527107,3.03056547024641,3.61797075583494,2.74514972254201,7.74,1.38,0.0258,0.445,0.00902,49.33,2.64,12.12,37.91
"TS541","TorringtonSq","1",0.127849239777526,0.0913335942543536,3.20269040904492,4.28950946838697,2.11704504742435,20,1.58,0.0298,0.404,0.0093,59.17,16.54,14.17,46.21
